,Date,Symbol,Open,High,Low,Close,Volume
209,2015-01-01,SSGC,38.42,38.42,36.85,38.04,4341500
727,2015-01-02,SSGC,38.0,38.85,37.94,38.18,1756500
1247,2015-01-05,SSGC,38.5,38.5,37.8,38.01,1619000
1756,2015-01-06,SSGC,37.8,38.4,37.25,37.48,1260500
2274,2015-01-07,SSGC,37.65,37.8,36.71,36.87,1800000
2787,2015-01-08,SSGC,36.79,38.71,36.6,38.55,4389500
3299,2015-01-09,SSGC,38.94,40.46,38.5,39.48,8935000
3824,2015-01-12,SSGC,39.7,40.1,39.02,39.27,1082500
4363,2015-01-13,SSGC,39.05,40.69,38.51,40.13,2736500
4909,2015-01-14,SSGC,40.51,41.84,40.35,41.55,8306500
5454,2015-01-15,SSGC,41.69,41.9,40.45,40.67,2419000
5994,2015-01-16,SSGC,40.5,41.68,40.12,40.51,4265000
6527,2015-01-19,SSGC,40.1,40.99,39.86,39.97,1255000
7063,2015-01-20,SSGC,39.6,40.3,39.4,40.16,1392500
7599,2015-01-21,SSGC,40.01,40.2,38.9,39.09,1161000
8121,2015-01-22,SSGC,39.0,39.98,38.55,38.74,1827500
8631,2015-01-23,SSGC,38.99,40.67,38.0,40.28,6769500
9152,2015-01-26,SSGC,42.0,42.08,40.75,41.52,8239000
9708,2015-01-27,SSGC,41.65,41.81,40.75,40.83,2058000
10267,2015-01-28,SSGC,40.15,40.99,40.15,40.21,794500
10816,2015-01-29,SSGC,40.3,40.79,40.05,40.4,762500
11351,2015-01-30,SSGC,40.49,41.85,40.28,41.24,5844000
11912,2015-02-02,SSGC,41.24,41.73,40.9,41.55,4295500
12427,2015-02-03,SSGC,41.6,41.69,40.66,40.8,1199500
12947,2015-02-04,SSGC,40.99,41.1,40.0,40.15,1052000
13451,2015-02-06,SSGC,40.15,40.75,38.3,38.85,4990000
13959,2015-02-09,SSGC,38.61,39.4,37.62,37.88,4001500
14460,2015-02-10,SSGC,38.6,38.68,37.95,38.2,4511500
14968,2015-02-11,SSGC,38.27,38.49,37.25,37.59,1196500
15482,2015-02-12,SSGC,37.6,37.7,35.72,36.27,1952500
15980,2015-02-13,SSGC,36.41,37.29,36.11,36.84,1424500
16475,2015-02-16,SSGC,36.61,37.0,36.0,36.23,1015000
16972,2015-02-17,SSGC,36.5,36.66,35.5,35.77,1271000
17474,2015-02-18,SSGC,36.08,37.35,35.75,37.07,2026000
17978,2015-02-19,SSGC,37.05,38.5,36.99,38.16,2958000
18469,2015-02-20,SSGC,38.5,38.5,37.25,37.47,1090500
18958,2015-02-23,SSGC,37.05,37.6,37.01,37.12,530500
19505,2015-02-24,SSGC,37.0,37.44,36.7,36.95,267000
20038,2015-02-25,SSGC,37.0,37.0,36.11,36.3,900000
20593,2015-02-26,SSGC,36.02,36.7,36.0,36.55,912500
21119,2015-02-27,SSGC,36.7,37.85,36.7,37.09,3266500
21655,2015-03-02,SSGC,37.0,37.8,36.6,37.03,868000
22161,2015-03-03,SSGC,37.0,37.4,36.01,37.28,1199500
22662,2015-03-04,SSGC,37.49,38.39,37.2,37.55,1029500
23159,2015-03-05,SSGC,37.89,39.42,37.6,39.24,3576000
23626,2015-03-06,SSGC,39.5,39.89,39.0,39.17,1429000
24102,2015-03-09,SSGC,39.4,40.35,38.61,39.5,2959000
24587,2015-03-10,SSGC,40.5,40.9,39.4,39.99,2646000
25072,2015-03-11,SSGC,39.15,39.8,39.11,39.41,1151000
25557,2015-03-12,SSGC,39.6,40.49,38.75,38.9,1441000
26038,2015-03-13,SSGC,39.3,39.5,38.45,39.13,502500
26524,2015-03-16,SSGC,39.0,40.35,38.8,39.09,1792500
26994,2015-03-17,SSGC,39.05,39.1,38.0,38.61,996500
27500,2015-03-18,SSGC,38.49,38.5,36.68,36.79,2984500
27991,2015-03-19,SSGC,37.0,37.55,36.5,36.88,787000
28461,2015-03-20,SSGC,37.15,38.35,36.95,37.9,1786000
28930,2015-03-24,SSGC,38.45,38.5,36.9,37.18,523000
29435,2015-03-25,SSGC,37.05,37.49,36.7,36.9,272500
29947,2015-03-26,SSGC,37.18,37.75,35.11,36.93,3224000
30478,2015-03-27,SSGC,37.44,38.1,36.4,36.59,4690500
31031,2015-03-30,SSGC,35.9,36.65,34.77,35.34,2785500
31539,2015-03-31,SSGC,35.35,37.1,35.35,37.08,1477500
32043,2015-04-01,SSGC,37.3,37.3,35.43,35.72,1148500
32551,2015-04-02,SSGC,35.76,37.0,35.76,36.53,1454500
33055,2015-04-03,SSGC,36.75,37.38,36.51,37.0,1755000
33558,2015-04-06,SSGC,37.15,38.64,36.65,38.26,3906000
34062,2015-04-07,SSGC,38.43,39.18,37.4,38.14,2553500
34547,2015-04-08,SSGC,37.99,38.0,37.02,37.12,2003000
35037,2015-04-09,SSGC,37.34,37.69,36.5,36.67,2235500
35544,2015-04-10,SSGC,36.66,37.35,36.3,36.51,1396500
36056,2015-04-13,SSGC,36.6,36.6,35.7,35.88,654500
36527,2015-04-14,SSGC,35.8,36.39,35.5,35.8,366000
37008,2015-04-15,SSGC,36.35,36.35,35.6,35.81,409500
37503,2015-04-16,SSGC,35.7,36.64,35.31,35.62,992500
38023,2015-04-17,SSGC,35.7,37.0,35.5,36.26,1830000
38528,2015-04-20,SSGC,36.49,37.19,35.61,36.03,1971000
39051,2015-04-21,SSGC,35.71,36.01,34.72,35.01,985500
39586,2015-04-22,SSGC,35.25,36.5,35.25,36.38,3166000
40115,2015-04-23,SSGC,36.64,37.2,36.0,36.14,1943000
40637,2015-04-24,SSGC,36.16,36.55,35.9,36.12,940500
41178,2015-04-27,SSGC,36.12,36.7,35.1,35.62,1237000
41690,2015-04-28,SSGC,35.6,36.4,35.2,36.1,1108000
42209,2015-04-29,SSGC,36.2,36.8,35.9,35.97,1223500
42708,2015-04-30,SSGC,36.0,37.1,35.9,36.73,1835000
43205,2015-05-04,SSGC,36.75,37.7,36.5,36.64,1097000
43704,2015-05-05,SSGC,36.26,36.49,36.01,36.21,267500
44210,2015-05-06,SSGC,36.21,36.58,35.9,36.0,558000
44710,2015-05-07,SSGC,36.0,36.0,35.75,35.79,400000
45197,2015-05-08,SSGC,35.99,36.0,35.22,35.72,627000
45686,2015-05-11,SSGC,35.75,35.75,33.94,33.96,1337000
46165,2015-05-12,SSGC,34.6,35.5,34.5,35.12,1427000
46635,2015-05-13,SSGC,35.25,35.89,35.12,35.26,1248000
47108,2015-05-14,SSGC,35.1,36.45,35.1,35.96,1093500
47595,2015-05-15,SSGC,35.84,36.39,35.75,35.79,231500
48077,2015-05-18,SSGC,35.91,35.91,35.4,35.41,129000
48553,2015-05-20,SSGC,35.97,36.6,35.6,35.85,825500
49027,2015-05-21,SSGC,35.76,35.95,35.5,35.61,411500
49496,2015-05-22,SSGC,35.84,35.89,35.45,35.59,197000
49970,2015-05-25,SSGC,35.6,35.9,35.5,35.73,152500
50494,2015-05-27,SSGC,35.25,36.0,35.1,35.54,587500
51017,2015-05-28,SSGC,35.7,36.5,35.5,36.23,2743500
51545,2015-05-29,SSGC,36.59,36.59,35.3,35.47,780000
52102,2015-06-01,SSGC,35.26,36.4,34.7,36.18,1897000
52619,2015-06-02,SSGC,36.25,36.39,35.45,35.7,1528500
53132,2015-06-03,SSGC,35.45,35.8,35.3,35.38,544500
53660,2015-06-04,SSGC,35.69,36.97,35.68,36.73,5430000
54173,2015-06-05,SSGC,36.88,37.0,36.3,36.61,1517000
54703,2015-06-08,SSGC,35.05,37.0,34.78,36.54,2370000
55228,2015-06-09,SSGC,36.6,36.9,35.75,35.85,638500
55749,2015-06-10,SSGC,35.68,36.1,35.68,35.9,467500
56276,2015-06-12,SSGC,37.75,38.2,37.0,37.16,2460000
56815,2015-06-15,SSGC,37.6,39.01,37.6,39.01,2196500
57336,2015-06-16,SSGC,40.1,40.35,39.0,39.72,4117500
57867,2015-06-17,SSGC,40.0,41.0,38.75,40.32,5229500
58406,2015-06-18,SSGC,40.47,40.95,39.85,39.95,2228000
58912,2015-06-19,SSGC,39.82,40.65,39.75,39.94,1023000
59407,2015-06-22,SSGC,39.95,40.25,39.14,39.47,6630000
59945,2015-06-23,SSGC,40.0,41.2,40.0,40.37,10644000
60515,2015-06-24,SSGC,40.69,40.8,39.92,40.18,7168500
61063,2015-06-25,SSGC,40.39,42.18,40.39,42.18,8768500
61594,2015-06-26,SSGC,43.5,44.28,42.99,43.46,10698500
62130,2015-06-29,SSGC,43.7,44.25,42.5,43.53,3628500
62622,2015-06-30,SSGC,43.5,44.08,42.53,42.7,2656000
63123,2015-07-01,SSGC,42.6,44.83,41.56,44.75,20233000
63631,2015-07-02,SSGC,44.55,45.09,43.03,43.42,5667000
64130,2015-07-03,SSGC,43.6,45.02,43.01,44.58,5402500
64638,2015-07-06,SSGC,44.8,45.9,43.99,45.05,5769000
65151,2015-07-07,SSGC,45.05,45.35,44.4,44.61,4105500
65661,2015-07-08,SSGC,44.99,44.99,43.51,43.7,3570000
66173,2015-07-09,SSGC,43.41,44.25,43.0,43.4,1775000
66667,2015-07-10,SSGC,43.5,43.55,42.35,42.65,1020500
67161,2015-07-13,SSGC,42.85,43.4,42.5,43.08,1760000
67670,2015-07-14,SSGC,43.01,45.23,43.0,45.1,7809000
68190,2015-07-15,SSGC,46.49,47.35,46.1,47.35,9496500
68713,2015-07-16,SSGC,48.0,48.5,46.26,46.98,7588000
69246,2015-07-22,SSGC,47.4,49.32,47.4,49.25,9684500
69782,2015-07-23,SSGC,49.2,50.98,48.0,50.55,18613000
70311,2015-07-24,SSGC,50.94,52.98,49.9,51.8,15756500
70842,2015-07-27,SSGC,51.6,52.3,49.21,49.35,7511500
71391,2015-07-28,SSGC,48.8,51.81,48.5,51.76,15934500
71957,2015-07-29,SSGC,52.4,53.69,52.02,52.77,9693000
72505,2015-07-30,SSGC,53.0,54.5,51.11,53.62,11578000
73050,2015-07-31,SSGC,54.9,55.74,54.17,55.54,14403000
73576,2015-08-03,SSGC,55.4,55.74,53.75,54.12,4212500
74066,2015-08-04,SSGC,53.6,54.74,51.42,52.27,11688500
74585,2015-08-05,SSGC,53.0,53.5,51.8,52.01,4522500
75105,2015-08-06,SSGC,52.25,52.6,50.6,50.88,3728000
75626,2015-08-07,SSGC,51.11,53.42,51.07,53.29,11149000
76134,2015-08-10,SSGC,54.0,54.25,52.2,52.52,4735000
76658,2015-08-11,SSGC,52.85,54.1,52.66,53.4,8113000
77176,2015-08-12,SSGC,53.7,54.1,52.65,53.02,8246000
77698,2015-08-13,SSGC,53.25,54.89,52.8,54.56,9269500
78207,2015-08-17,SSGC,54.5,54.5,52.07,52.49,6194000
78716,2015-08-18,SSGC,52.5,52.9,50.53,51.41,9913500
79231,2015-08-19,SSGC,51.51,51.89,49.6,50.27,3652000
79750,2015-08-20,SSGC,50.4,51.87,49.75,50.48,8144500
80249,2015-08-21,SSGC,51.0,51.0,48.01,48.22,5347500
80765,2015-08-24,SSGC,46.5,46.51,45.81,45.81,1962000
81301,2015-08-25,SSGC,43.52,46.5,43.52,45.91,13551500
81844,2015-08-26,SSGC,45.25,45.8,43.62,43.62,6719500
82389,2015-08-27,SSGC,42.56,44.88,42.56,44.22,11210000
82938,2015-08-28,SSGC,45.0,45.35,43.25,43.8,11523500
83493,2015-08-31,SSGC,43.89,44.25,42.25,42.57,2826500
84017,2015-09-01,SSGC,44.69,44.69,43.7,44.69,13300000
84502,2015-09-14,SSGC,40.15,40.15,37.71,37.79,1990000
84980,2015-09-15,SSGC,37.7,37.7,36.22,36.69,2807500
85459,2015-09-16,SSGC,36.2,38.52,36.2,38.16,3609000
85952,2015-09-17,SSGC,38.5,40.06,38.25,38.64,5029000
86419,2015-09-18,SSGC,39.16,39.4,36.71,36.95,1348000
86875,2015-09-21,SSGC,36.21,38.79,35.5,38.72,4161500
87384,2015-09-22,SSGC,38.98,39.98,38.76,38.94,2161500
87877,2015-09-23,SSGC,38.9,39.6,38.15,38.69,2054000
88367,2015-09-28,SSGC,39.15,39.15,37.5,37.78,713500
88844,2015-09-29,SSGC,37.5,37.5,35.96,36.6,3091500
89314,2015-09-30,SSGC,36.98,37.65,36.16,37.08,3425500
89788,2015-10-01,SSGC,37.1,37.4,36.69,37.22,2823500
90258,2015-10-02,SSGC,37.3,37.95,37.23,37.38,2099000
90741,2015-10-05,SSGC,37.36,38.15,36.61,37.01,2739500
91242,2015-10-06,SSGC,37.21,38.15,37.0,37.74,4153500
91729,2015-10-07,SSGC,38.01,38.4,37.4,38.19,3289500
92218,2015-10-08,SSGC,38.1,39.09,37.8,38.76,3330000
92720,2015-10-09,SSGC,39.17,39.65,38.7,38.89,4267000
93227,2015-10-12,SSGC,39.1,39.75,39.0,39.07,1695500
93736,2015-10-13,SSGC,39.25,39.34,38.0,38.17,975500
94247,2015-10-14,SSGC,38.1,38.7,37.75,37.91,973500
94746,2015-10-15,SSGC,38.2,38.3,37.42,37.59,1051500
95239,2015-10-16,SSGC,37.95,38.35,37.76,38.06,4208000
95746,2015-10-19,SSGC,38.39,39.74,38.2,38.82,9288000
96248,2015-10-20,SSGC,38.8,39.14,37.7,37.86,3407500
96748,2015-10-21,SSGC,37.76,38.19,37.2,37.37,1819500
97248,2015-10-22,SSGC,37.4,39.23,37.4,39.23,9731500
97738,2015-10-26,SSGC,39.49,39.9,37.8,38.09,3276000
98262,2015-10-27,SSGC,38.16,38.29,37.46,38.01,1639000
98801,2015-10-28,SSGC,38.1,38.57,37.32,37.69,3513500
99343,2015-10-29,SSGC,37.7,38.3,37.62,38.1,5544500
99885,2015-10-30,SSGC,38.2,38.98,38.0,38.11,7101500
100424,2015-11-02,SSGC,38.35,38.45,37.65,37.8,2314500
100911,2015-11-03,SSGC,37.99,38.85,37.95,38.66,8694000
101417,2015-11-04,SSGC,38.75,39.32,38.5,38.88,10706500
101934,2015-11-05,SSGC,38.8,38.95,37.8,37.93,4727500
102432,2015-11-06,SSGC,38.0,39.82,37.75,39.82,17113500
102919,2015-11-09,SSGC,41.81,41.81,40.2,41.45,30755500
103407,2015-11-10,SSGC,40.98,41.18,39.38,39.46,22175000
103897,2015-11-11,SSGC,40.2,40.59,39.72,40.22,11244000
104409,2015-11-12,SSGC,40.55,41.35,40.1,40.97,9922000
104913,2015-11-13,SSGC,40.89,40.89,40.22,40.52,6276500
105396,2015-11-16,SSGC,40.4,40.59,39.7,40.24,2087500
105913,2015-11-17,SSGC,40.56,41.0,38.81,40.46,13055500
106434,2015-11-18,SSGC,40.5,40.75,39.41,39.57,4954000
106933,2015-11-19,SSGC,39.6,40.0,38.82,39.84,3290500
107429,2015-11-20,SSGC,39.84,40.25,39.32,39.94,3441500
107939,2015-11-23,SSGC,39.9,41.93,39.9,41.93,7950000
108485,2015-11-24,SSGC,42.25,42.7,40.85,41.24,15109000
109024,2015-11-25,SSGC,41.49,43.3,40.21,43.03,13585500
109564,2015-11-26,SSGC,43.5,44.55,42.7,43.91,18096000
110082,2015-11-27,SSGC,44.0,44.75,42.4,43.06,16240000
110615,2015-11-30,SSGC,43.12,43.21,41.1,41.33,4883000
111113,2015-12-01,SSGC,41.4,42.15,39.27,39.27,6841500
111602,2015-12-02,SSGC,39.0,40.89,37.7,40.54,6280500
112087,2015-12-03,SSGC,40.12,41.6,39.8,41.17,4980500
112567,2015-12-04,SSGC,40.71,41.5,40.6,40.79,3942500
113058,2015-12-07,SSGC,41.6,42.3,40.99,41.51,2595500
113542,2015-12-08,SSGC,41.5,42.25,41.01,41.8,2213500
114045,2015-12-09,SSGC,41.85,43.89,41.6,43.48,21153500
114533,2015-12-10,SSGC,43.49,44.6,43.25,43.93,16640000
115000,2015-12-14,SSGC,44.98,44.98,42.33,42.44,22347000
115475,2015-12-15,SSGC,42.4,43.18,40.32,41.0,7004500
115943,2015-12-16,SSGC,41.2,41.8,39.0,40.7,12007500
116423,2015-12-17,SSGC,40.9,41.49,40.2,41.12,4417000
116892,2015-12-18,SSGC,41.02,41.25,40.35,40.62,1911500
117363,2015-12-22,SSGC,40.35,40.6,39.62,39.72,1695500
117871,2015-12-23,SSGC,39.6,39.75,37.9,38.09,5396500
118387,2015-12-28,SSGC,38.3,38.9,37.6,38.55,4665000
118862,2015-12-29,SSGC,38.29,38.9,38.0,38.5,2542000
119335,2015-12-30,SSGC,38.7,38.89,37.8,37.93,958000
119796,2015-12-31,SSGC,38.01,38.1,36.6,37.35,2421500
120264,2016-01-01,SSGC,36.81,38.77,36.81,38.51,1642500
120731,2016-01-05,SSGC,38.15,38.7,36.66,38.25,1337500
121182,2016-01-06,SSGC,38.11,38.39,37.75,37.91,567000
121654,2016-01-07,SSGC,37.78,38.25,37.3,37.45,1176000
122118,2016-01-11,SSGC,38.25,38.59,37.85,38.04,2907000
122572,2016-01-12,SSGC,38.0,38.0,36.5,37.25,1805500
123031,2016-01-13,SSGC,37.38,37.9,35.75,36.65,2061000
123520,2016-01-14,SSGC,36.6,36.6,34.82,34.82,4506000
123996,2016-01-15,SSGC,34.82,35.0,33.08,33.08,2599000
124477,2016-01-18,SSGC,31.7,32.25,31.43,31.65,5748000
124947,2016-01-19,SSGC,31.95,33.23,31.26,33.07,6696500
125395,2016-01-20,SSGC,32.8,33.4,31.99,32.63,3249500
125864,2016-01-21,SSGC,32.94,33.2,31.92,32.1,1652000
126316,2016-01-22,SSGC,32.5,32.55,31.71,32.12,1943000
126778,2016-01-25,SSGC,32.6,33.72,32.6,33.71,4938500
127260,2016-01-26,SSGC,33.3,34.85,33.15,34.32,5033500
127762,2016-01-27,SSGC,34.6,34.8,33.43,33.59,2702000
128263,2016-01-28,SSGC,33.75,34.1,33.4,33.57,1859500
128749,2016-01-29,SSGC,33.7,33.75,32.81,32.94,1881500
129242,2016-02-01,SSGC,32.55,33.49,32.5,33.21,2424500
129714,2016-02-02,SSGC,33.3,33.5,32.73,32.8,1066500
130171,2016-02-03,SSGC,32.85,32.97,32.37,32.41,940000
130640,2016-02-04,SSGC,32.7,33.25,32.6,32.84,1558500
131104,2016-02-08,SSGC,33.0,34.34,32.9,34.24,4742500
131562,2016-02-09,SSGC,34.02,34.45,33.61,33.77,2906000
132027,2016-02-10,SSGC,33.6,34.06,33.3,33.61,2131500
132491,2016-02-11,SSGC,33.7,34.15,32.74,32.85,1701000
132951,2016-02-12,SSGC,32.85,33.15,31.21,31.23,4896000
133407,2016-02-15,SSGC,31.31,32.44,31.31,32.04,2046500
133880,2016-02-16,SSGC,32.4,32.42,30.44,30.45,9924000
134322,2016-02-17,SSGC,30.1,30.5,29.0,29.26,4220000
134774,2016-02-18,SSGC,29.46,29.69,27.8,27.8,8019500
135225,2016-02-19,SSGC,27.31,27.5,26.41,26.55,3200000
135680,2016-02-22,SSGC,26.49,26.6,25.23,25.23,1940000
136187,2016-02-23,SSGC,25.2,25.99,23.97,24.84,7009500
136681,2016-02-24,SSGC,24.79,26.08,24.52,25.88,6627000
137187,2016-02-25,SSGC,26.3,26.4,25.8,26.14,2864500
137681,2016-02-29,SSGC,27.25,27.84,27.0,27.13,2487500
138144,2016-03-01,SSGC,27.2,27.69,27.2,27.56,1560500
138610,2016-03-02,SSGC,27.69,28.15,27.55,27.85,1654000
139096,2016-03-03,SSGC,28.0,28.2,27.13,27.29,1915500
139579,2016-03-04,SSGC,27.4,27.5,26.45,26.59,2068500
140071,2016-03-07,SSGC,26.3,27.91,25.72,27.91,2661000
140568,2016-03-08,SSGC,28.29,28.3,27.5,27.74,3657500
141043,2016-03-09,SSGC,27.75,28.69,27.52,27.96,12187500
141518,2016-03-10,SSGC,28.1,28.15,26.59,26.75,2656500
141974,2016-03-11,SSGC,26.6,27.2,26.31,27.0,1790000
142459,2016-03-14,SSGC,27.21,27.5,26.7,26.84,1179000
142929,2016-03-15,SSGC,27.05,27.05,26.45,26.72,818500
143401,2016-03-16,SSGC,26.9,27.24,26.62,26.72,509500
143870,2016-03-17,SSGC,26.76,27.19,26.56,26.75,1884500
144352,2016-03-18,SSGC,26.8,27.98,26.56,27.63,5385000
144832,2016-04-01,SSGC,27.6,28.1,27.5,27.82,1756000
145329,2016-04-04,SSGC,27.9,28.33,27.8,28.09,3638000
145843,2016-04-05,SSGC,28.3,29.24,28.29,28.48,5353500
146364,2016-04-06,SSGC,28.49,29.49,28.27,28.93,6312500
146873,2016-04-07,SSGC,29.1,29.45,28.5,28.59,3029500
147371,2016-04-08,SSGC,28.25,28.65,27.81,28.01,1845000
147876,2016-04-11,SSGC,27.44,27.44,26.7,26.77,4093000
148361,2016-04-12,SSGC,26.94,27.1,26.12,26.84,1119500
148838,2016-04-14,SSGC,26.46,26.65,25.99,26.05,2824000
149330,2016-04-15,SSGC,26.25,26.6,26.1,26.16,1608500
149825,2016-04-15,SSGC,26.25,26.6,26.1,26.16,1608500
150324,2016-04-19,SSGC,28.4,28.68,27.52,28.01,6316000
150838,2016-04-20,SSGC,27.76,28.24,27.3,27.86,6852000
151356,2016-04-21,SSGC,27.85,28.27,26.48,26.93,3172000
151868,2016-04-22,SSGC,27.23,27.67,26.9,27.39,2402500
152374,2016-04-25,SSGC,27.55,27.55,27.1,27.4,2035000
152920,2016-04-26,SSGC,27.48,28.0,27.21,27.57,4071000
153478,2016-04-27,SSGC,27.8,28.94,27.7,28.94,9259000
154032,2016-04-28,SSGC,29.45,29.95,29.01,29.18,7591000
154581,2016-04-29,SSGC,29.34,29.35,28.32,28.47,5364000
155120,2016-05-02,SSGC,28.4,29.23,28.05,28.75,3928500
155617,2016-05-03,SSGC,28.88,28.99,28.5,28.61,1606500
156151,2016-05-04,SSGC,28.6,29.34,28.6,28.81,6740500
156659,2016-05-06,SSGC,29.5,30.72,29.46,30.07,12502000
157169,2016-05-09,SSGC,30.3,30.85,30.01,30.42,6359500
157692,2016-05-10,SSGC,30.5,31.26,30.25,30.71,5719500
158212,2016-05-12,SSGC,30.4,30.62,29.81,30.04,2723500
158732,2016-05-13,SSGC,30.1,30.4,29.7,29.89,2288000
159254,2016-05-16,SSGC,29.94,30.2,29.7,30.04,3314500
159779,2016-05-18,SSGC,29.5,29.8,29.17,29.43,1336000
160315,2016-05-19,SSGC,29.53,30.9,29.5,30.71,6559000
160829,2016-05-20,SSGC,30.93,31.69,30.7,31.03,9515000
161344,2016-05-23,SSGC,31.25,31.49,30.8,31.09,4540000
161915,2016-05-24,SSGC,31.25,31.49,30.9,30.98,3957000
162484,2016-05-25,SSGC,30.98,31.29,30.51,30.67,3885500
163057,2016-05-26,SSGC,30.8,30.8,30.0,30.12,1530000
163630,2016-06-02,SSGC,28.87,29.1,28.7,28.78,1700000
164167,2016-06-03,SSGC,28.81,29.7,28.8,29.34,3140000
164696,2016-06-06,SSGC,28.8,29.25,28.8,28.83,1201500
165190,2016-06-07,SSGC,28.9,28.94,28.5,28.57,468500
165674,2016-06-07,SSGC,28.9,28.94,28.5,28.57,468500
166166,2016-06-08,SSGC,28.51,29.21,28.4,28.74,2176000
166666,2016-06-09,SSGC,28.8,28.9,28.4,28.55,538000
167153,2016-06-10,SSGC,28.74,28.74,27.57,27.79,904500
167634,2016-06-13,SSGC,28.1,28.1,27.01,27.7,487500
168117,2016-06-14,SSGC,28.1,28.65,27.52,28.33,1556500
168609,2016-06-15,SSGC,28.84,29.29,28.15,28.94,2800500
169104,2016-06-16,SSGC,29.23,29.65,28.52,28.86,5879500
169594,2016-06-17,SSGC,28.9,28.9,28.12,28.25,1843500
170069,2016-06-20,SSGC,27.9,28.35,27.0,28.01,2614500
170585,2016-06-21,SSGC,28.1,28.3,27.82,27.88,894000
171109,2016-06-22,SSGC,27.85,28.09,27.57,27.68,475500
171620,2016-06-23,SSGC,27.8,27.85,27.5,27.73,591000
172148,2016-06-24,SSGC,27.7,27.7,26.35,26.8,2637500
172654,2016-06-27,SSGC,26.52,27.0,26.52,26.74,981000
173153,2016-06-28,SSGC,26.9,27.0,26.3,26.68,5150500
173639,2016-06-29,SSGC,27.09,27.72,26.81,27.56,2350000
174127,2016-06-30,SSGC,27.74,28.0,27.36,27.53,1881500
174592,2016-07-04,SSGC,27.55,28.18,27.5,27.83,2851500
175057,2016-07-11,SSGC,27.7,28.4,27.7,28.06,4028000
175550,2016-07-12,SSGC,28.11,28.25,27.61,27.84,1886500
176057,2016-07-13,SSGC,28.15,28.25,27.41,27.51,1528000
176574,2016-07-14,SSGC,27.35,27.9,27.35,27.81,1751500
177067,2016-07-15,SSGC,27.9,27.97,27.45,27.53,1143500
177565,2016-07-18,SSGC,27.8,28.9,27.55,28.9,5726000
178076,2016-07-19,SSGC,29.51,30.34,29.48,30.34,9685500
178589,2016-07-20,SSGC,30.55,31.3,30.01,30.7,14615500
179084,2016-07-21,SSGC,31.0,31.7,30.76,31.5,10181500
179583,2016-07-22,SSGC,31.55,31.75,30.65,30.8,5759000
180075,2016-07-25,SSGC,30.8,30.99,30.32,30.56,3054500
180611,2016-07-26,SSGC,30.6,31.1,30.25,30.64,1753500
181161,2016-07-27,SSGC,30.9,31.8,30.6,31.23,9465000
181723,2016-07-28,SSGC,31.22,31.5,30.4,30.52,3272000
182248,2016-07-29,SSGC,30.7,31.65,30.25,31.56,5041500
182786,2016-08-01,SSGC,31.75,32.09,31.15,31.33,4555500
183290,2016-08-02,SSGC,31.31,31.88,31.2,31.52,4067500
183812,2016-08-03,SSGC,31.65,31.65,30.91,31.15,2082500
184331,2016-08-04,SSGC,31.44,31.45,30.78,31.1,2189500
184838,2016-08-05,SSGC,31.25,31.25,30.72,30.88,1417000
185343,2016-08-08,SSGC,31.0,31.0,30.56,30.63,570500
185862,2016-08-09,SSGC,30.75,32.16,30.7,32.16,11138500
186381,2016-08-11,SSGC,32.08,32.7,32.0,32.19,5373500
186910,2016-08-12,SSGC,32.25,32.56,31.56,31.74,4712500
187432,2016-08-15,SSGC,31.8,32.95,31.4,32.59,8997000
187953,2016-08-16,SSGC,32.9,33.24,32.43,32.62,6991500
188490,2016-08-17,SSGC,32.75,32.91,31.91,32.04,3555000
189015,2016-08-18,SSGC,31.95,32.33,31.26,31.47,4400500
189518,2016-08-19,SSGC,31.47,31.47,30.75,30.88,2609500
190025,2016-08-22,SSGC,30.55,30.45,30.45,30.53,1586500
190571,2016-08-23,SSGC,30.55,30.9,29.89,30.02,2077500
191127,2016-08-24,SSGC,30.14,30.3,29.45,29.81,2130000
191698,2016-08-26,SSGC,31.7,32.8,31.65,32.24,14782000
192291,2016-08-29,SSGC,32.48,33.7,32.41,32.97,11539000
192850,2016-09-01,SSGC,33.01,33.45,32.65,32.7,2401000
193393,2016-09-02,SSGC,32.71,33.2,31.99,32.53,5247000
193930,2016-09-05,SSGC,32.26,32.85,31.7,32.02,2763000
194464,2016-09-06,SSGC,32.02,32.55,31.85,32.05,2090000
195024,2016-09-07,SSGC,32.03,33.65,32.0,33.09,7298500
195586,2016-09-08,SSGC,33.3,34.74,33.06,34.39,20733000
196145,2016-09-09,SSGC,35.3,36.1,35.3,36.1,11035000
196694,2016-09-15,SSGC,37.25,37.25,36.05,36.88,12417000
197257,2016-09-19,SSGC,38.95,40.38,38.8,40.01,15191000
197817,2016-09-20,SSGC,40.7,41.1,38.35,39.02,10568000
198372,2016-09-21,SSGC,38.8,38.8,37.07,37.07,9512500
198925,2016-09-22,SSGC,37.5,38.2,35.8,36.19,10071500
199480,2016-09-26,SSGC,37.64,38.54,37.64,38.54,3483500
200079,2016-09-27,SSGC,39.55,39.85,38.1,38.79,16850000
200671,2016-09-28,SSGC,39.5,40.24,39.0,39.31,14963500
201281,2016-09-29,SSGC,39.53,41.2,39.2,40.05,18052000
201876,2016-09-30,SSGC,40.38,40.88,39.7,40.54,4956500
202492,2016-10-03,SSGC,41.3,41.97,41.0,41.31,7741500
203059,2016-10-04,SSGC,41.79,42.0,40.82,41.03,5678500
203626,2016-10-05,SSGC,41.36,41.49,40.01,40.36,5456000
204201,2016-10-06,SSGC,40.15,41.19,39.9,40.38,8701000
204769,2016-10-07,SSGC,40.71,41.87,40.41,40.64,16072000
205339,2016-10-10,SSGC,41.75,41.8,40.65,40.97,11481000
205915,2016-10-13,SSGC,40.99,41.0,38.93,38.93,9925500
206476,2016-10-14,SSGC,38.0,38.0,37.08,37.27,10102500
207044,2016-10-17,SSGC,37.4,38.75,37.4,37.83,7586500
207613,2016-10-18,SSGC,37.72,39.15,37.72,38.81,10108000
208170,2016-10-19,SSGC,39.25,39.68,37.91,39.41,13732000
208736,2016-10-20,SSGC,39.7,40.6,39.5,39.8,12891000
209291,2016-10-21,SSGC,39.9,40.39,38.55,38.86,9518500
209845,2016-10-24,SSGC,38.82,38.85,37.55,37.78,5346500
210427,2016-10-25,SSGC,37.0,39.55,36.3,38.9,8347500
211006,2016-10-26,SSGC,39.5,39.7,37.62,38.05,5151000
211596,2016-10-27,SSGC,38.2,38.2,36.15,36.35,10582500
212179,2016-10-28,SSGC,35.9,38.16,35.6,38.16,9468500
212762,2016-10-31,SSGC,39.59,39.89,38.3,38.71,12107500
213316,2016-11-01,SSGC,38.85,40.64,38.53,40.56,17338000
213883,2016-11-02,SSGC,40.6,42.58,40.41,42.58,21468500
214441,2016-11-03,SSGC,44.1,44.7,43.5,44.7,26294000
214992,2016-11-07,SSGC,44.9,45.59,44.05,44.43,6584500
215556,2016-11-08,SSGC,44.75,46.19,44.75,45.68,14596000
216107,2016-11-09,SSGC,44.5,47.45,43.6,46.85,30384500
216667,2016-11-10,SSGC,47.3,48.69,46.9,47.4,21337000
217226,2016-11-11,SSGC,47.5,49.0,46.5,48.55,15374000
217778,2016-11-14,SSGC,48.99,49.34,47.4,48.01,11412500
218318,2016-11-15,SSGC,47.48,48.25,46.5,46.82,6296500
218852,2016-11-15,SSGC,47.48,48.25,46.5,46.82,6296500
219396,2016-11-16,SSGC,46.94,47.99,46.82,47.22,7577000
219943,2016-11-17,SSGC,47.5,48.48,47.1,47.53,10238000
220494,2016-11-18,SSGC,47.85,47.9,46.5,46.63,3928500
221026,2016-11-21,SSGC,46.45,46.75,45.67,45.98,1911000
221614,2016-11-22,SSGC,46.37,48.0,46.37,47.63,11752500
222209,2016-11-23,SSGC,48.15,48.15,46.7,47.04,9754500
222811,2016-11-24,SSGC,47.05,47.65,45.9,46.13,9798000
223402,2016-11-25,SSGC,46.34,46.34,43.83,43.83,23155500
224006,2016-11-28,SSGC,41.64,41.64,41.64,41.64,779000
224561,2016-11-29,SSGC,39.56,41.49,39.56,39.57,29927000
225113,2016-11-30,SSGC,39.84,40.25,38.3,38.54,9359500
225664,2016-12-01,SSGC,38.95,39.49,37.27,37.71,8738000
226214,2016-12-02,SSGC,37.74,38.28,36.7,36.85,4587500
226761,2016-12-05,SSGC,37.0,37.85,36.5,36.72,6798000
227316,2016-12-06,SSGC,37.15,38.49,37.15,38.12,9285500
227867,2016-12-07,SSGC,38.43,38.7,37.35,37.53,5660500
228408,2016-12-08,SSGC,37.6,37.87,36.8,36.94,2711000
228952,2016-12-09,SSGC,36.95,37.72,36.66,36.77,5138500
229502,2016-12-13,SSGC,37.61,38.0,36.0,36.15,6898500
230053,2016-12-14,SSGC,36.2,36.78,35.0,36.46,7821500
230596,2016-12-15,SSGC,36.8,37.3,36.7,36.98,4281500
231130,2016-12-16,SSGC,37.75,38.6,37.6,37.76,10691000
231672,2016-12-19,SSGC,37.98,38.05,36.85,37.03,3754500
232229,2016-12-20,SSGC,37.6,38.29,37.4,37.51,5904000
232771,2016-12-21,SSGC,37.65,37.78,36.4,36.91,4500500
233309,2016-12-22,SSGC,37.01,37.7,35.92,36.21,5782000
233841,2016-12-23,SSGC,36.05,36.49,35.36,35.68,3315000
234355,2016-12-26,SSGC,35.9,35.9,35.3,35.46,1634500
234919,2016-12-27,SSGC,35.6,36.5,35.4,36.35,3866000
235500,2016-12-28,SSGC,36.74,36.94,35.69,36.03,3614000
236085,2016-12-29,SSGC,36.2,36.79,35.5,36.6,13511500
236665,2016-12-30,SSGC,36.7,37.15,36.25,36.35,6584000
237240,2017-06-01,SSGC,41.89,42.4,39.56,40.13,2427000
237728,2017-06-02,SSGC,39.46,40.79,38.13,40.09,1735000
238225,2017-06-05,SSGC,40.85,42.09,40.8,42.09,2801000
238715,2017-06-06,SSGC,43.7,43.7,42.1,42.36,2978500
239201,2017-06-07,SSGC,42.6,42.89,41.72,41.84,1682000
239692,2017-06-08,SSGC,42.0,42.4,41.01,41.11,1361500
240167,2017-06-09,SSGC,41.01,41.32,40.25,40.53,799000
240662,2017-06-12,SSGC,40.53,40.53,38.51,38.51,2612500
241155,2017-06-13,SSGC,38.16,39.97,37.15,38.24,2665500
241636,2017-06-14,SSGC,38.59,39.18,37.25,37.52,935000
242102,2017-06-15,SSGC,37.5,38.7,37.5,37.96,1110500
242551,2017-06-16,SSGC,38.0,38.0,37.01,37.42,726500
243012,2017-06-19,SSGC,37.9,38.0,36.51,36.78,493000
243508,2017-06-20,SSGC,36.9,37.26,34.95,34.95,1245500
244009,2017-06-21,SSGC,34.0,34.9,33.21,34.53,7857000
244510,2017-06-22,SSGC,34.7,36.25,34.0,35.99,2875000
244994,2017-06-29,SSGC,36.0,37.78,35.1,36.82,2525500
245507,2017-06-30,SSGC,36.25,37.65,36.2,36.41,1079500
246007,2017-06-02,SSGC,39.46,40.79,38.13,40.09,1735000
246504,2017-06-05,SSGC,40.85,42.09,40.8,42.09,2801000
246994,2017-06-06,SSGC,43.7,43.7,42.1,42.36,2978500
247480,2017-06-07,SSGC,42.6,42.89,41.72,41.84,1682000
247971,2017-06-08,SSGC,42.0,42.4,41.01,41.11,1361500
248446,2017-06-09,SSGC,41.01,41.32,40.25,40.53,799000
248941,2017-06-12,SSGC,40.53,40.53,38.51,38.51,2612500
249434,2017-06-13,SSGC,38.16,39.97,37.15,38.24,2665500
249915,2017-06-14,SSGC,38.59,39.18,37.25,37.52,935000
250381,2017-06-15,SSGC,37.5,38.7,37.5,37.96,1110500
250830,2017-06-16,SSGC,38.0,38.0,37.01,37.42,726500
251291,2017-06-19,SSGC,37.9,38.0,36.51,36.78,493000
251787,2017-06-20,SSGC,36.9,37.26,34.95,34.95,1245500
252288,2017-06-21,SSGC,34.0,34.9,33.21,34.53,7857000
252789,2017-06-22,SSGC,34.7,36.25,34.0,35.99,2875000
253273,2017-06-29,SSGC,36.0,37.78,35.1,36.82,2525500
253786,2017-06-30,SSGC,36.25,37.65,36.2,36.41,1079500
254316,2017-02-01,SSGC,36.29,36.45,35.75,36.15,2637000
254852,2017-02-02,SSGC,36.4,36.89,36.02,36.25,3753500
255376,2017-02-03,SSGC,36.2,36.39,35.75,35.8,1096500
255911,2017-02-06,SSGC,36.0,36.24,35.61,35.67,928500
256437,2017-02-07,SSGC,35.8,37.45,35.8,37.45,2727000
256972,2017-02-08,SSGC,39.32,39.32,39.32,39.32,1737000
257511,2017-02-09,SSGC,41.2,41.2,40.16,40.36,13142000
258048,2017-02-10,SSGC,40.55,40.9,39.6,39.78,6547000
258592,2017-02-13,SSGC,39.98,40.95,39.65,39.96,8775000
259117,2017-02-14,SSGC,39.99,40.45,39.06,40.24,6213000
259640,2017-02-15,SSGC,40.34,40.7,38.23,38.36,7364500
260165,2017-02-16,SSGC,38.52,38.85,38.0,38.26,2750500
260685,2017-02-17,SSGC,38.02,40.17,37.6,40.17,8174500
261223,2017-02-20,SSGC,40.89,42.17,40.6,41.93,21353000
261787,2017-02-21,SSGC,42.17,43.4,41.25,42.24,10150000
262358,2017-02-22,SSGC,42.48,42.65,40.13,40.52,9227500
262919,2017-02-23,SSGC,40.3,42.24,39.7,41.96,10925000
263472,2017-02-24,SSGC,41.9,43.25,41.4,41.64,8743000
264024,2017-02-27,SSGC,41.75,42.0,39.56,39.65,6057000
264542,2017-02-28,SSGC,39.89,40.7,38.85,39.99,4151000
265056,2017-03-01,SSGC,40.1,41.98,40.1,41.87,6655500
265582,2017-03-02,SSGC,43.8,43.96,43.01,43.71,14897500
266093,2017-03-03,SSGC,43.89,45.7,42.51,44.15,16625500
266600,2017-03-06,SSGC,44.75,45.0,43.05,43.33,7573000
267110,2017-03-07,SSGC,43.38,44.18,42.56,43.73,9052500
267615,2017-03-08,SSGC,44.1,45.75,43.8,45.21,15152000
268132,2017-03-09,SSGC,44.8,45.25,43.2,43.64,9216500
268630,2017-03-10,SSGC,43.25,43.89,42.3,42.65,5798000
269134,2017-03-13,SSGC,42.88,43.7,41.95,42.12,2667000
269631,2017-03-30,SSGC,37.7,37.78,35.73,35.94,5379500
270163,2017-03-31,SSGC,35.6,37.15,35.6,36.94,3307000
270694,2017-04-03,SSGC,37.3,37.69,36.55,36.73,2141500
271185,2017-04-04,SSGC,36.7,37.0,36.24,36.34,646000
271678,2017-04-05,SSGC,36.62,36.8,35.76,35.94,1121500
272172,2017-04-06,SSGC,36.21,37.73,36.21,37.73,2559500
272658,2017-04-07,SSGC,38.89,39.61,38.35,39.61,7681000
273145,2017-04-10,SSGC,39.98,40.18,38.1,38.55,4430000
273639,2017-04-11,SSGC,38.5,38.79,38.25,38.53,1608000
274142,2017-04-12,SSGC,38.5,39.99,38.5,39.41,5202500
274647,2017-04-13,SSGC,39.89,41.38,39.4,41.06,14218000
275147,2017-04-14,SSGC,41.5,42.95,40.71,42.19,11702000
275638,2017-04-17,SSGC,42.01,42.49,40.09,40.09,4275500
276128,2017-04-18,SSGC,39.8,41.34,39.0,40.15,6802500
276611,2017-04-19,SSGC,38.4,41.2,38.25,40.68,9090500
277117,2017-04-20,SSGC,40.25,42.71,40.0,42.07,10606500
277643,2017-04-21,SSGC,42.65,44.17,42.49,44.09,15018000
278163,2017-04-24,SSGC,44.25,45.99,43.1,45.38,17101500
278703,2017-04-25,SSGC,45.9,46.8,45.2,45.75,15469500
279249,2017-04-26,SSGC,45.61,46.89,45.31,46.07,11726500
279799,2017-04-27,SSGC,46.2,46.35,44.5,44.65,4401500
280336,2017-04-28,SSGC,44.6,45.2,43.4,43.69,4295000
280864,2017-05-02,SSGC,43.1,44.28,41.9,42.32,2933500
281363,2017-05-03,SSGC,42.22,43.2,41.5,41.83,3930000
281866,2017-05-04,SSGC,42.09,43.18,42.09,42.94,4483500
282380,2017-05-05,SSGC,43.25,43.25,42.0,42.19,2608500
282904,2017-05-08,SSGC,42.48,43.68,42.26,42.73,4052000
283427,2017-05-09,SSGC,43.2,44.47,42.75,44.11,9652000
283931,2017-05-10,SSGC,44.3,44.65,43.65,43.96,4103000
284430,2017-05-11,SSGC,44.3,44.5,43.5,43.62,2366000
284939,2017-05-12,SSGC,43.72,44.69,43.6,44.27,3542000
285459,2017-05-15,SSGC,44.58,45.5,44.0,44.66,5798500
285979,2017-05-16,SSGC,45.48,45.48,44.31,44.6,4188500
286494,2017-05-17,SSGC,44.7,45.4,44.32,44.58,3451000
287014,2017-05-18,SSGC,44.68,45.14,44.0,44.15,2319000
287556,2017-05-19,SSGC,44.2,44.49,43.0,43.23,1533500
288067,2017-05-22,SSGC,43.5,43.9,43.0,43.21,1348000
288627,2017-05-23,SSGC,43.47,44.3,43.3,43.86,3347500
289196,2017-05-24,SSGC,44.05,45.19,44.05,44.52,4892000
289749,2017-05-25,SSGC,44.5,44.94,44.1,44.38,1457000
290295,2017-05-26,SSGC,43.83,44.54,43.51,43.82,1771000
290821,2017-05-29,SSGC,43.51,43.6,42.81,43.11,1344000
291327,2017-05-30,SSGC,43.25,43.95,42.1,42.42,1652000
291823,2017-05-31,SSGC,42.15,42.75,40.5,41.64,2212000
292331,2017-06-01,SSGC,41.89,42.4,39.56,40.13,2427000
292819,2017-06-02,SSGC,39.46,40.79,38.13,40.09,1735000
293316,2017-06-05,SSGC,40.85,42.09,40.8,42.09,2801000
293806,2017-06-06,SSGC,43.7,43.7,42.1,42.36,2978500
294292,2017-06-07,SSGC,42.6,42.89,41.72,41.84,1682000
294783,2017-06-08,SSGC,42.0,42.4,41.01,41.11,1361500
295258,2017-06-09,SSGC,41.01,41.32,40.25,40.53,799000
295753,2017-06-12,SSGC,40.53,40.53,38.51,38.51,2612500
296246,2017-06-13,SSGC,38.16,39.97,37.15,38.24,2665500
296727,2017-06-14,SSGC,38.59,39.18,37.25,37.52,935000
297193,2017-06-15,SSGC,37.5,38.7,37.5,37.96,1110500
297642,2017-06-16,SSGC,38.0,38.0,37.01,37.42,726500
298103,2017-06-19,SSGC,37.9,38.0,36.51,36.78,493000
298599,2017-06-20,SSGC,36.9,37.26,34.95,34.95,1245500
299100,2017-06-21,SSGC,34.0,34.9,33.21,34.53,7857000
299601,2017-06-22,SSGC,34.7,36.25,34.0,35.99,2875000
300085,2017-06-29,SSGC,36.0,37.78,35.1,36.82,2525500
300598,2017-06-30,SSGC,36.25,37.65,36.2,36.41,1079500
301098,2017-06-02,SSGC,39.46,40.79,38.13,40.09,1735000
301595,2017-06-05,SSGC,40.85,42.09,40.8,42.09,2801000
302085,2017-06-06,SSGC,43.7,43.7,42.1,42.36,2978500
302571,2017-06-07,SSGC,42.6,42.89,41.72,41.84,1682000
303062,2017-06-08,SSGC,42.0,42.4,41.01,41.11,1361500
303537,2017-06-09,SSGC,41.01,41.32,40.25,40.53,799000
304032,2017-06-12,SSGC,40.53,40.53,38.51,38.51,2612500
304525,2017-06-13,SSGC,38.16,39.97,37.15,38.24,2665500
305006,2017-06-14,SSGC,38.59,39.18,37.25,37.52,935000
305472,2017-06-15,SSGC,37.5,38.7,37.5,37.96,1110500
305921,2017-06-16,SSGC,38.0,38.0,37.01,37.42,726500
306382,2017-06-19,SSGC,37.9,38.0,36.51,36.78,493000
306878,2017-06-20,SSGC,36.9,37.26,34.95,34.95,1245500
307379,2017-06-21,SSGC,34.0,34.9,33.21,34.53,7857000
307880,2017-06-22,SSGC,34.7,36.25,34.0,35.99,2875000
308364,2017-06-29,SSGC,36.0,37.78,35.1,36.82,2525500
308877,2017-06-30,SSGC,36.25,37.65,36.2,36.41,1079500
309381,2017-07-03,SSGC,36.02,36.05,34.59,34.59,1663000
309849,2017-07-04,SSGC,34.8,36.31,33.0,35.94,4892500
310319,2017-07-05,SSGC,36.0,37.73,36.0,37.07,4709000
310773,2017-07-06,SSGC,37.25,37.5,35.96,36.64,1657500
311218,2017-07-07,SSGC,37.0,38.47,36.35,38.47,3076000
311684,2017-07-10,SSGC,38.44,40.39,38.0,40.27,7572000
312151,2017-07-11,SSGC,38.55,39.4,38.26,38.26,3175000
312609,2017-07-12,SSGC,37.36,38.39,36.35,36.85,5543500
313065,2017-07-13,SSGC,37.1,38.69,36.5,38.55,3515500
313516,2017-07-14,SSGC,38.95,40.0,38.8,39.41,6181500
313975,2017-07-17,SSGC,39.0,39.7,38.6,38.94,2728000
314454,2017-07-18,SSGC,39.16,40.65,39.11,40.44,6227500
314928,2017-07-19,SSGC,40.51,42.46,39.8,41.28,9557500
315401,2017-07-20,SSGC,42.0,42.29,39.25,40.22,5558500
315867,2017-07-21,SSGC,39.65,41.2,39.5,40.75,3881000
316312,2017-07-24,SSGC,41.49,41.49,40.83,41.17,2143500
316810,2017-07-25,SSGC,41.46,43.22,41.18,43.08,9499000
317318,2017-07-26,SSGC,43.44,44.65,42.55,43.63,16706500
317817,2017-07-27,SSGC,43.98,44.3,42.26,42.77,8748000
318319,2017-07-28,SSGC,40.8,43.4,40.64,42.63,14180000
318838,2017-08-01,SSGC,41.65,42.9,41.55,42.56,9095000
319328,2017-08-02,SSGC,42.8,43.4,42.23,43.26,12441000
319831,2017-08-03,SSGC,43.97,44.25,42.76,43.06,12892000
320329,2017-08-04,SSGC,42.97,43.55,41.4,41.68,6721500
320817,2017-08-07,SSGC,41.89,41.9,39.7,40.2,5534000
321297,2017-08-08,SSGC,40.0,40.55,39.02,39.17,3292000
321773,2017-08-10,SSGC,41.16,41.99,39.8,40.05,7870000
322231,2017-08-11,SSGC,40.1,41.65,39.8,41.07,5039000
322711,2017-08-15,SSGC,40.8,41.0,39.02,39.02,7353500
323183,2017-08-16,SSGC,38.75,39.54,37.85,38.46,5855000
323639,2017-08-17,SSGC,38.65,39.18,36.54,36.78,7682000
324104,2017-08-18,SSGC,36.5,37.7,35.7,37.25,6742500
324575,2017-08-21,SSGC,37.48,37.5,35.39,35.42,2821500
325082,2017-08-22,SSGC,35.2,35.5,33.66,33.96,11424000
325596,2017-08-23,SSGC,33.96,35.65,33.96,35.65,3327000
326113,2017-08-24,SSGC,36.99,37.15,35.3,35.84,5438000
326616,2017-08-25,SSGC,35.75,37.63,35.75,37.63,4493000
327114,2017-08-28,SSGC,38.49,39.24,37.45,37.58,7892000
327583,2017-08-29,SSGC,37.8,39.2,37.76,38.46,7726500
328041,2017-08-30,SSGC,39.11,39.25,36.71,37.15,7690500
328486,2017-08-31,SSGC,37.1,38.6,37.1,38.26,2872500
328939,2020-07-01,SSGC,13.39,13.55,13.21,13.31,766000
329455,2017-09-05,SSGC,38.6,39.5,37.6,39.15,6373000
329930,2017-09-06,SSGC,39.3,39.7,38.26,38.68,5239000
330397,2017-09-07,SSGC,38.5,38.7,36.75,36.98,4470000
330881,2017-09-08,SSGC,37.39,37.95,37.22,37.73,3871000
331349,2017-09-11,SSGC,37.6,37.75,36.12,37.17,2043000
331807,2017-09-12,SSGC,37.15,37.34,36.6,36.91,899000
332285,2017-09-13,SSGC,37.02,38.15,37.01,37.9,3363500
332768,2017-09-14,SSGC,38.32,39.34,38.32,38.67,8332000
333244,2017-09-15,SSGC,38.79,39.1,38.0,38.51,6911000
333705,2017-09-18,SSGC,38.9,38.9,38.05,38.18,1249500
334185,2017-09-19,SSGC,38.5,38.9,38.14,38.59,2560500
334668,2017-09-20,SSGC,38.81,39.25,38.4,38.59,3907500
335166,2017-09-21,SSGC,38.91,39.98,38.26,38.52,11233000
335651,2017-09-22,SSGC,38.15,38.69,37.71,37.82,2120500
336129,2017-09-25,SSGC,37.99,38.22,36.95,37.18,2248000
336625,2017-09-26,SSGC,37.25,37.65,37.0,37.11,990000
337125,2017-09-27,SSGC,37.1,37.37,36.32,36.51,3018000
337637,2017-09-28,SSGC,36.75,37.25,36.5,36.67,1182500
338136,2017-09-29,SSGC,36.71,36.9,36.1,36.23,1219500
338629,2020-07-01,SSGC,13.39,13.55,13.21,13.31,766000
339145,2017-09-05,SSGC,38.6,39.5,37.6,39.15,6373000
339620,2017-09-06,SSGC,39.3,39.7,38.26,38.68,5239000
340087,2017-09-07,SSGC,38.5,38.7,36.75,36.98,4470000
340571,2017-09-08,SSGC,37.39,37.95,37.22,37.73,3871000
341039,2017-09-11,SSGC,37.6,37.75,36.12,37.17,2043000
341497,2017-09-12,SSGC,37.15,37.34,36.6,36.91,899000
341975,2017-09-13,SSGC,37.02,38.15,37.01,37.9,3363500
342458,2017-09-14,SSGC,38.32,39.34,38.32,38.67,8332000
342934,2017-09-15,SSGC,38.79,39.1,38.0,38.51,6911000
343395,2017-09-18,SSGC,38.9,38.9,38.05,38.18,1249500
343875,2017-09-19,SSGC,38.5,38.9,38.14,38.59,2560500
344358,2017-09-20,SSGC,38.81,39.25,38.4,38.59,3907500
344856,2017-09-21,SSGC,38.91,39.98,38.26,38.52,11233000
345341,2017-09-22,SSGC,38.15,38.69,37.71,37.82,2120500
345819,2017-09-25,SSGC,37.99,38.22,36.95,37.18,2248000
346315,2017-09-26,SSGC,37.25,37.65,37.0,37.11,990000
346815,2017-09-27,SSGC,37.1,37.37,36.32,36.51,3018000
347327,2017-09-28,SSGC,36.75,37.25,36.5,36.67,1182500
347826,2017-09-29,SSGC,36.71,36.9,36.1,36.23,1219500
348329,2017-10-02,SSGC,36.36,36.85,36.1,36.37,1117500
348813,2017-10-03,SSGC,36.1,36.4,34.7,34.86,1532000
349294,2017-10-04,SSGC,34.5,34.5,33.12,33.12,6529000
349788,2017-10-05,SSGC,33.0,33.5,31.47,31.86,6373500
350276,2017-10-06,SSGC,32.0,32.89,31.42,32.75,3209000
350761,2017-10-09,SSGC,32.52,32.64,31.5,31.77,817000
351243,2017-10-10,SSGC,31.95,32.03,30.31,30.73,1748000
351714,2017-10-11,SSGC,30.8,30.9,29.5,29.74,4104500
352199,2017-10-12,SSGC,29.55,30.1,28.3,29.17,2898000
352687,2017-10-13,SSGC,29.1,29.2,27.8,28.02,2089000
353175,2017-10-16,SSGC,28.6,29.42,28.4,29.42,2179000
353656,2017-10-17,SSGC,29.48,30.8,28.8,29.76,3558500
354137,2017-10-18,SSGC,29.5,30.1,29.35,29.75,762000
354610,2017-10-19,SSGC,29.99,31.23,29.99,31.17,3882500
355089,2017-10-20,SSGC,31.39,32.72,31.37,32.72,5186500
355559,2017-10-23,SSGC,33.15,33.64,32.3,32.83,6854000
356061,2017-10-24,SSGC,32.5,32.9,31.65,32.34,2294000
356556,2017-10-25,SSGC,32.59,33.0,32.4,32.77,1171000
357053,2017-10-26,SSGC,32.8,33.2,32.4,32.64,1859500
357550,2017-10-27,SSGC,32.43,33.3,32.0,33.06,2548000
358063,2017-10-30,SSGC,33.06,33.06,31.41,31.61,896500
358528,2017-10-31,SSGC,31.49,31.75,30.03,30.09,4238000
359006,2017-11-01,SSGC,30.11,31.59,30.11,31.59,1753000
359478,2017-11-02,SSGC,32.24,33.08,31.5,31.77,3603500
359944,2017-11-03,SSGC,32.35,33.15,31.85,32.95,1934000
360409,2017-11-06,SSGC,33.1,34.15,32.55,33.94,4694000
360864,2017-11-07,SSGC,34.0,35.0,33.48,34.13,7825500
361335,2017-11-08,SSGC,34.16,35.5,33.9,35.25,8789000
361825,2017-11-09,SSGC,35.6,37.01,35.6,37.01,7779500
362303,2017-11-10,SSGC,37.48,37.9,35.16,35.28,9774500
362760,2017-11-13,SSGC,35.28,35.28,34.25,34.46,2711000
363234,2017-11-14,SSGC,34.4,35.4,34.4,34.54,3325000
363713,2017-11-15,SSGC,34.75,34.79,33.33,33.76,1856500
364171,2017-11-16,SSGC,33.99,35.02,33.95,34.74,4314000
364632,2017-11-17,SSGC,34.98,36.47,34.8,36.2,7911500
365082,2017-11-20,SSGC,36.31,36.54,34.39,34.41,4503500
365565,2017-11-21,SSGC,34.3,35.52,34.0,35.18,2726000
366056,2017-11-22,SSGC,35.45,36.45,35.0,36.21,5441500
366543,2017-11-23,SSGC,36.1,36.3,35.31,35.52,1840500
367021,2017-11-24,SSGC,35.52,35.7,34.96,35.04,919000
367511,2017-11-27,SSGC,34.55,35.3,34.4,35.01,1077000
367975,2017-11-28,SSGC,35.18,35.45,34.0,34.08,1408000
368437,2017-11-29,SSGC,34.23,34.55,33.5,34.23,1562500
368894,2017-11-30,SSGC,34.3,34.69,32.52,33.45,6859000
369351,2017-12-04,SSGC,34.02,34.58,33.65,33.86,2077500
369815,2017-12-05,SSGC,34.0,34.2,33.2,33.42,2024000
370291,2017-12-06,SSGC,33.4,33.4,32.3,32.51,1906500
370761,2017-12-07,SSGC,32.45,32.45,30.89,30.89,2472500
371236,2017-12-08,SSGC,29.72,30.29,29.35,29.42,10604000
371707,2017-12-11,SSGC,29.5,29.68,27.95,27.95,2602000
372180,2017-12-12,SSGC,27.59,27.8,26.56,26.99,5445500
372645,2017-12-13,SSGC,27.5,28.25,27.4,27.97,2661500
373106,2017-12-14,SSGC,27.97,27.97,26.8,27.05,1881000
373562,2017-12-15,SSGC,27.1,28.25,26.7,27.35,2684500
374011,2017-12-19,SSGC,26.51,26.64,25.19,25.19,975000
374468,2017-12-20,SSGC,25.45,25.89,24.26,24.73,1051000
374934,2017-12-21,SSGC,24.5,25.96,24.3,25.96,1932500
375413,2017-12-22,SSGC,26.3,27.25,26.3,27.25,1392500
375877,2017-12-26,SSGC,27.98,28.61,27.8,28.61,3593000
376376,2017-12-27,SSGC,28.84,30.04,28.71,30.04,3432000
376877,2017-12-28,SSGC,30.49,31.54,30.49,31.54,4163000
377365,2017-12-29,SSGC,31.85,31.9,29.97,30.49,5901500
377843,2018-01-01,SSGC,30.6,32.01,29.6,32.01,2974500
378312,2018-01-02,SSGC,32.31,32.66,31.5,31.72,5052500
378787,2018-01-03,SSGC,31.75,32.64,30.9,31.32,6072500
379248,2018-01-04,SSGC,31.2,31.78,30.76,31.08,3771500
379728,2018-01-05,SSGC,31.39,32.19,30.76,31.51,5632000
380219,2018-01-08,SSGC,33.08,33.08,32.53,33.08,5263000
380693,2018-01-09,SSGC,33.64,34.15,32.91,33.75,15740000
381185,2018-01-10,SSGC,33.73,34.4,33.53,33.88,9090000
381673,2018-01-11,SSGC,33.96,35.57,33.41,35.38,19408000
382148,2018-01-12,SSGC,35.37,35.4,33.62,33.62,11154500
382609,2018-01-15,SSGC,33.25,33.89,32.3,32.56,4501500
383066,2018-01-16,SSGC,32.5,34.18,32.5,33.28,5948000
383541,2018-01-17,SSGC,33.04,33.75,33.0,33.64,2735500
384028,2018-01-18,SSGC,33.95,34.64,32.0,33.41,11319500
384503,2018-01-19,SSGC,33.49,35.08,33.49,34.59,12224500
384999,2018-01-22,SSGC,35.0,35.8,34.65,35.4,11863500
385529,2018-01-23,SSGC,35.2,36.3,34.68,36.01,13575500
386058,2018-01-24,SSGC,36.49,37.14,35.9,36.44,15234000
386586,2018-01-25,SSGC,36.5,36.85,36.0,36.62,5055000
387103,2018-01-26,SSGC,36.3,37.29,36.01,36.62,5615500
387619,2018-01-29,SSGC,36.51,36.61,35.75,35.88,2491000
388108,2018-01-30,SSGC,35.9,36.35,35.31,35.54,2611500
388607,2018-01-31,SSGC,35.65,36.29,35.45,35.56,4481500
389105,2018-02-01,SSGC,35.7,36.1,35.1,35.27,2991500
389593,2018-02-06,SSGC,34.75,35.89,33.8,35.56,13350500
390099,2018-02-07,SSGC,36.11,37.11,35.95,36.6,16165000
390597,2018-02-08,SSGC,36.82,37.43,36.75,36.89,11966500
391093,2018-02-09,SSGC,36.4,37.18,36.25,36.88,6598500
391567,2018-02-12,SSGC,36.81,37.25,36.45,36.73,6496500
392036,2018-02-13,SSGC,37.05,37.1,36.3,36.48,2528500
392524,2018-02-14,SSGC,36.4,36.4,34.67,35.13,3447500
393028,2018-02-15,SSGC,34.9,35.4,33.55,33.65,3906500
393526,2018-02-16,SSGC,33.6,35.26,33.6,35.07,4894500
394014,2018-02-19,SSGC,35.15,35.4,34.6,34.67,1304000
394567,2018-02-20,SSGC,34.72,34.97,33.5,34.51,2636000
395087,2018-02-21,SSGC,35.0,35.49,34.85,35.14,5035500
395623,2018-02-22,SSGC,34.61,36.15,34.5,35.74,5287000
396162,2018-02-23,SSGC,36.0,36.24,34.35,34.98,5809500
396689,2018-02-26,SSGC,35.4,35.4,34.25,34.49,2962000
397171,2018-02-27,SSGC,34.75,35.7,34.1,35.48,3966000
397679,2018-02-28,SSGC,35.6,35.95,35.4,35.7,1846000
398190,2018-03-01,SSGC,35.61,36.0,35.4,35.56,2070000
398688,2018-03-02,SSGC,35.35,35.69,35.13,35.2,1113500
399182,2018-03-05,SSGC,35.2,36.96,35.02,36.51,5064500
399680,2018-03-06,SSGC,37.02,37.5,36.25,36.68,6549500
400173,2018-03-07,SSGC,36.7,37.49,36.6,36.86,5191000
400656,2018-03-08,SSGC,36.84,36.9,36.25,36.56,1363500
401142,2018-03-09,SSGC,36.5,36.85,35.56,35.8,1721000
401628,2018-03-12,SSGC,35.8,36.2,35.71,35.96,1219000
402122,2018-03-13,SSGC,36.5,37.33,36.5,36.85,3708500
402628,2018-03-14,SSGC,36.8,36.8,36.32,36.51,791000
403134,2018-03-15,SSGC,36.7,36.75,36.21,36.29,459500
403633,2018-03-16,SSGC,36.12,36.97,36.12,36.48,2158000
404125,2018-03-19,SSGC,36.38,36.77,36.3,36.56,743000
404638,2018-03-20,SSGC,36.6,37.24,36.6,36.79,2373000
405154,2018-03-21,SSGC,36.99,38.62,36.99,38.13,13405500
405674,2018-03-22,SSGC,38.19,38.24,37.5,37.68,5196000
406165,2018-03-26,SSGC,37.59,37.67,37.1,37.42,1307500
406718,2018-03-27,SSGC,37.46,37.6,36.6,36.7,1537500
407266,2018-03-28,SSGC,36.75,37.19,36.65,36.73,1791500
407817,2018-03-29,SSGC,36.81,36.94,36.25,36.32,1483000
408374,2018-03-30,SSGC,36.12,37.64,36.12,36.46,6939000
408924,2018-04-02,SSGC,36.64,36.9,36.37,36.51,2746500
409443,2018-04-03,SSGC,36.69,36.83,36.22,36.27,2580500
409958,2018-04-04,SSGC,36.21,36.8,36.1,36.25,2058000
410463,2018-04-05,SSGC,36.33,36.8,36.1,36.59,2053500
410965,2018-04-06,SSGC,36.93,37.2,36.51,36.66,4537000
411467,2018-04-09,SSGC,36.51,36.99,36.45,36.56,907500
411970,2018-04-10,SSGC,36.7,37.18,36.56,36.61,2955500
412485,2018-04-11,SSGC,36.8,37.95,36.78,37.73,8677500
413013,2018-04-12,SSGC,37.9,38.25,37.01,37.98,6817500
413512,2018-04-13,SSGC,38.05,38.2,36.53,36.66,4202000
414012,2018-04-16,SSGC,36.5,37.2,36.45,36.6,2371000
414507,2018-04-17,SSGC,36.8,37.01,36.3,36.43,1134000
415017,2018-04-18,SSGC,36.65,37.65,36.6,36.7,4611500
415524,2018-04-19,SSGC,36.83,37.16,35.6,36.35,1804500
416026,2018-04-20,SSGC,36.43,36.8,36.11,36.25,1312000
416543,2018-04-24,SSGC,37.84,37.84,37.21,37.4,2766000
417122,2018-04-25,SSGC,37.51,37.51,36.96,37.04,1840500
417695,2018-04-26,SSGC,37.2,37.39,36.96,37.17,1125000
418248,2018-04-27,SSGC,37.25,38.1,37.1,37.52,4647000
418802,2018-04-30,SSGC,37.4,38.0,37.2,37.4,3808000
419309,2018-05-02,SSGC,37.5,37.74,37.0,37.09,1215000
419808,2018-05-03,SSGC,37.3,37.5,36.65,36.9,1328500
420307,2018-05-04,SSGC,36.98,37.0,36.5,36.63,898500
420820,2018-05-07,SSGC,36.89,37.0,35.9,36.02,968000
421313,2018-05-08,SSGC,36.1,36.15,34.22,34.22,7266500
421824,2018-05-09,SSGC,33.32,34.1,32.51,33.55,9267500
422327,2018-05-10,SSGC,34.2,35.22,34.0,35.22,6197500
422830,2018-05-11,SSGC,35.5,36.98,34.81,36.69,11806500
423321,2018-05-14,SSGC,36.35,36.4,34.86,35.04,6275500
423800,2018-05-15,SSGC,35.18,36.59,35.15,36.17,4569000
424285,2018-05-16,SSGC,36.18,36.7,35.61,36.12,2431500
424729,2018-05-17,SSGC,36.5,36.7,35.76,36.04,1767500
425175,2018-05-18,SSGC,36.58,37.75,36.3,36.86,5563500
425633,2018-05-21,SSGC,36.99,37.69,35.65,35.77,1870000
426163,2018-05-22,SSGC,35.77,37.08,35.61,36.82,3836000
426697,2018-05-23,SSGC,36.8,37.35,36.28,36.33,1550000
427228,2018-05-24,SSGC,36.11,36.6,35.78,35.84,732000
427733,2018-05-25,SSGC,35.84,35.84,35.21,35.38,1453000
428255,2018-05-28,SSGC,35.01,36.15,33.62,33.99,5241500
428745,2018-05-29,SSGC,34.1,34.98,34.05,34.68,1029500
429223,2018-05-30,SSGC,35.0,35.5,34.55,35.32,1580000
429707,2018-05-31,SSGC,35.05,35.5,34.84,34.94,888000
430163,2018-06-01,SSGC,34.8,35.17,34.76,34.93,278000
430635,2018-06-04,SSGC,34.99,36.67,34.62,36.67,7710000
431112,2018-06-05,SSGC,37.1,38.5,37.1,38.21,13589500
431602,2018-06-06,SSGC,38.21,38.85,37.52,38.3,4182000
432093,2018-06-07,SSGC,38.0,38.2,37.2,37.35,1036500
432574,2018-06-11,SSGC,37.4,37.68,35.8,36.48,1955000
433051,2018-06-12,SSGC,36.1,36.19,34.66,34.98,3475000
433526,2018-06-13,SSGC,35.0,35.85,34.8,35.1,1346500
433991,2018-06-14,SSGC,35.29,35.59,34.95,35.2,1644000
434451,2018-06-19,SSGC,35.44,35.7,35.0,35.34,532500
434930,2018-06-20,SSGC,35.34,35.78,34.6,35.46,2576000
435411,2018-06-21,SSGC,34.85,35.15,34.24,34.48,2587000
435894,2018-06-22,SSGC,34.49,34.7,33.52,33.73,597000
436382,2018-06-25,SSGC,34.5,34.95,32.41,32.73,5655000
436933,2018-06-26,SSGC,32.79,33.35,32.66,33.08,2613500
437497,2018-06-27,SSGC,33.33,33.9,32.82,33.51,3898500
438051,2018-06-28,SSGC,33.85,34.05,33.0,33.37,1779500
438586,2018-06-29,SSGC,33.47,33.85,32.69,32.82,2078500
439115,2018-07-02,SSGC,33.37,33.37,32.41,32.73,1496500
439565,2018-07-03,SSGC,32.4,33.5,32.3,32.88,1269000
440035,2018-07-04,SSGC,32.99,32.99,31.24,31.24,2782500
440507,2018-07-05,SSGC,31.5,31.9,30.16,30.47,3306000
440964,2018-07-06,SSGC,30.25,31.04,30.25,30.65,664000
441428,2018-07-09,SSGC,30.82,30.94,29.12,29.12,2616500
441894,2018-07-10,SSGC,28.9,29.45,27.8,29.18,3571500
442378,2018-07-11,SSGC,29.1,29.69,28.45,28.65,2136500
442843,2018-07-12,SSGC,28.3,29.35,28.0,29.23,852000
443308,2018-07-13,SSGC,28.52,29.24,28.25,28.34,1398500
443785,2018-07-17,SSGC,27.85,28.15,27.0,27.77,2299000
444286,2018-07-18,SSGC,27.65,29.15,27.65,29.09,3334000
444801,2018-07-19,SSGC,29.35,30.54,29.35,30.54,3496000
445288,2018-07-20,SSGC,30.8,30.85,29.91,30.24,3234500
445752,2018-07-23,SSGC,29.76,30.7,29.45,29.96,1092500
446301,2018-07-24,SSGC,30.3,31.22,30.11,30.92,3108000
446842,2018-07-26,SSGC,31.94,32.44,31.2,31.76,2855500
447375,2018-07-27,SSGC,31.6,32.84,31.2,32.56,5136500
447941,2018-07-30,SSGC,32.76,33.95,32.61,33.57,3767000
448445,2018-07-31,SSGC,33.5,33.5,31.93,32.12,2539500
448954,2018-08-01,SSGC,32.44,32.59,31.92,32.29,1300500
449455,2018-08-02,SSGC,32.95,33.4,32.31,32.43,3505000
449952,2018-08-03,SSGC,32.25,32.75,32.2,32.28,786500
450443,2018-08-06,SSGC,32.15,32.72,32.0,32.6,677000
450937,2018-08-07,SSGC,32.85,33.2,32.57,32.63,1091500
451426,2018-08-08,SSGC,32.79,32.99,32.49,32.59,735500
451937,2018-08-09,SSGC,32.59,33.18,32.51,32.89,3866500
452449,2018-08-10,SSGC,33.0,33.75,32.8,33.08,5443500
452944,2018-08-13,SSGC,33.36,33.45,32.21,32.72,1774500
453424,2018-08-15,SSGC,32.1,32.49,31.09,31.15,3236500
453917,2018-08-16,SSGC,30.99,31.0,29.65,30.05,1471500
454413,2018-08-17,SSGC,30.45,31.2,30.11,30.83,899500
454893,2018-08-20,SSGC,31.15,31.4,30.65,30.73,471500
455360,2018-08-24,SSGC,30.6,30.75,30.2,30.57,189000
455850,2018-08-27,SSGC,30.5,30.8,30.19,30.51,721000
456404,2018-08-28,SSGC,30.7,31.58,30.65,30.75,1878500
456963,2018-08-29,SSGC,30.99,31.47,30.0,30.18,2291000
457512,2018-08-30,SSGC,30.2,30.35,29.45,29.62,1506500
458064,2018-08-31,SSGC,30.0,30.0,28.2,28.82,1992500
458601,2018-09-04,SSGC,29.5,30.0,29.43,29.69,341000
459090,2018-09-05,SSGC,30.66,31.05,29.95,30.14,2889000
459583,2018-09-06,SSGC,30.28,30.3,29.05,29.23,798500
460075,2018-09-07,SSGC,29.01,29.6,28.03,28.72,1112500
460560,2018-09-10,SSGC,29.0,29.24,27.72,28.31,995500
461043,2018-09-11,SSGC,28.6,28.6,28.04,28.27,638000
461518,2018-09-12,SSGC,28.05,28.47,27.81,28.12,619000
462010,2018-09-13,SSGC,27.92,29.29,27.82,29.01,1413500
462496,2018-09-14,SSGC,29.09,29.19,28.2,28.35,771500
462975,2018-09-17,SSGC,29.0,29.35,28.56,29.12,2116000
463465,2018-09-18,SSGC,29.6,30.5,28.8,30.03,2517000
463938,2018-09-19,SSGC,30.0,30.37,29.51,29.67,1020500
464427,2018-09-24,SSGC,29.77,29.77,28.3,28.53,386500
464967,2018-09-25,SSGC,28.49,28.79,28.24,28.37,499500
465507,2018-09-26,SSGC,28.8,28.8,27.8,28.1,360500
466050,2018-09-27,SSGC,28.1,28.1,27.01,27.5,854500
466597,2018-09-28,SSGC,27.7,28.5,27.01,27.7,1787500
467139,2018-10-01,SSGC,27.77,27.79,27.16,27.22,224500
467610,2018-10-02,SSGC,27.56,27.65,27.1,27.15,126500
468096,2018-10-03,SSGC,27.02,27.38,26.62,26.75,245000
468571,2018-10-04,SSGC,26.95,26.97,25.62,25.84,1123000
469054,2018-10-05,SSGC,26.03,26.63,24.55,24.69,1065500
469561,2018-10-08,SSGC,25.08,25.35,23.46,23.46,2341000
470072,2018-10-09,SSGC,23.45,24.63,23.38,23.57,2063500
470573,2018-10-10,SSGC,23.11,23.45,22.4,23.01,1840500
471055,2018-10-11,SSGC,22.7,23.0,22.05,22.18,900500
471547,2018-10-12,SSGC,22.0,22.18,21.08,21.15,1304500
472034,2018-10-15,SSGC,21.45,21.45,20.1,20.1,1558000
472536,2018-10-16,SSGC,20.3,20.89,19.1,19.17,1447000
473039,2018-10-17,SSGC,19.4,20.17,19.35,20.17,1013000
473537,2018-10-18,SSGC,20.6,21.17,20.3,21.17,1871000
474049,2018-10-19,SSGC,21.27,22.22,20.9,22.22,1617000
474565,2018-10-22,SSGC,22.7,23.3,22.53,22.78,2210000
475114,2018-10-23,SSGC,22.64,22.69,21.71,21.84,748000
475708,2018-10-24,SSGC,22.89,22.93,22.55,22.93,461000
476291,2018-10-25,SSGC,23.99,24.07,23.21,24.07,3681000
476868,2018-10-26,SSGC,24.1,25.27,23.46,25.23,4982000
477461,2018-10-29,SSGC,25.69,26.49,25.69,26.48,3601000
477985,2018-10-30,SSGC,26.69,26.8,25.83,26.03,2252000
478508,2018-10-31,SSGC,25.98,26.1,25.35,25.75,921500
479017,2018-11-01,SSGC,25.5,26.15,25.5,25.76,945000
479522,2018-11-05,SSGC,25.71,25.99,24.81,25.2,1007500
480008,2018-11-06,SSGC,25.19,25.19,24.45,24.63,776500
480514,2018-11-07,SSGC,25.01,25.7,25.0,25.48,698000
481013,2018-11-08,SSGC,25.73,25.84,25.1,25.58,614500
481512,2018-11-09,SSGC,25.65,26.65,25.41,26.11,2387000
482009,2018-11-12,SSGC,26.33,26.33,25.71,25.83,611000
482513,2018-11-13,SSGC,25.85,26.2,25.7,26.14,783000
483015,2018-11-14,SSGC,26.25,26.6,25.9,26.17,4168000
483535,2018-11-15,SSGC,26.38,27.47,26.2,27.0,6702000
484040,2018-11-16,SSGC,27.0,27.14,26.6,26.68,1576500
484531,2018-11-19,SSGC,26.78,26.98,26.32,26.45,800500
485043,2018-11-20,SSGC,26.5,26.5,25.98,26.06,2000500
485531,2018-11-22,SSGC,25.93,26.35,25.55,25.62,1583000
486022,2018-11-23,SSGC,25.65,25.8,25.4,25.47,470000
486507,2018-11-26,SSGC,24.9,25.55,24.8,24.88,796000
487062,2018-11-27,SSGC,24.95,25.03,24.71,24.87,254000
487616,2018-11-28,SSGC,24.97,25.95,24.95,25.46,2549500
488150,2018-11-29,SSGC,25.5,25.8,25.21,25.35,619500
488700,2018-11-30,SSGC,25.35,25.5,24.09,24.22,1248000
489261,2018-12-03,SSGC,23.01,23.3,23.01,23.01,864000
489755,2018-12-04,SSGC,22.15,23.49,22.15,23.05,1361500
490256,2018-12-05,SSGC,23.06,23.55,22.4,23.4,840000
490742,2018-12-06,SSGC,23.52,23.52,22.7,22.86,600500
491238,2018-12-07,SSGC,22.5,23.25,22.22,22.9,653000
491729,2018-12-10,SSGC,23.35,24.04,23.25,24.04,2979500
492209,2018-12-11,SSGC,24.19,24.49,23.5,23.73,2509500
492696,2018-12-12,SSGC,23.6,23.9,22.9,23.12,2015000
493178,2018-12-13,SSGC,22.7,23.25,21.97,21.98,2740500
493652,2018-12-14,SSGC,22.02,23.07,21.65,23.05,2283000
494110,2018-12-17,SSGC,23.05,23.29,22.7,23.2,375500
494559,2018-12-18,SSGC,23.15,23.36,23.01,23.23,408000
495043,2018-12-19,SSGC,23.15,23.3,22.7,22.78,184000
495517,2018-12-20,SSGC,22.72,23.48,22.7,23.02,460500
495991,2018-12-21,SSGC,23.0,24.05,22.72,23.5,1560000
496452,2018-12-24,SSGC,23.55,23.71,23.0,23.55,608000
496979,2018-12-26,SSGC,23.99,24.27,23.75,23.88,1784500
497515,2018-12-27,SSGC,24.3,24.41,23.05,23.33,1384000
498054,2018-12-28,SSGC,23.06,23.15,22.49,22.89,1529000
498597,2018-12-31,SSGC,23.0,23.49,22.53,23.1,15286500
499071,2019-01-01,SSGC,23.1,23.7,23.05,23.5,646500
499546,2019-01-02,SSGC,23.5,23.98,23.1,23.21,666500
500013,2019-01-03,SSGC,23.2,23.35,22.7,22.82,306500
500463,2019-01-04,SSGC,22.99,23.0,22.55,22.64,279000
500931,2019-01-07,SSGC,23.0,23.55,22.91,23.2,2771000
501423,2019-01-08,SSGC,23.6,24.36,23.55,24.36,4971500
501907,2019-01-09,SSGC,24.98,25.57,24.85,25.35,8984000
502386,2019-01-10,SSGC,25.66,26.61,25.41,26.61,5523000
502863,2019-01-11,SSGC,26.7,26.99,25.28,25.3,8521000
503355,2019-01-14,SSGC,25.3,26.07,25.11,25.68,2647000
503836,2019-01-15,SSGC,25.75,25.95,25.31,25.52,1293500
504308,2019-01-16,SSGC,25.6,25.8,24.82,24.97,1725000
504780,2019-01-17,SSGC,24.82,25.0,23.81,24.43,2364500
505250,2019-01-18,SSGC,24.4,25.64,24.35,25.41,6155500
505723,2019-01-21,SSGC,25.35,25.5,24.4,24.65,2089000
506257,2019-01-22,SSGC,24.65,25.49,24.4,25.25,2024500
506809,2019-01-23,SSGC,25.45,25.99,25.37,25.7,3493500
507355,2019-01-24,SSGC,26.25,26.25,25.3,25.51,1951500
507883,2019-01-25,SSGC,25.65,25.65,24.4,24.57,3277500
508395,2019-01-28,SSGC,24.8,24.89,24.31,24.76,1295500
508867,2019-01-29,SSGC,24.7,25.1,24.51,24.93,924000
509354,2019-01-30,SSGC,24.52,25.0,24.52,24.75,513000
509849,2019-01-31,SSGC,24.85,25.59,24.85,25.33,2557000
510342,2019-02-01,SSGC,25.4,25.85,25.34,25.5,2187500
510836,2019-02-04,SSGC,25.52,25.89,25.49,25.72,2347500
511337,2019-02-06,SSGC,25.8,26.0,25.3,25.4,1149500
511829,2019-02-07,SSGC,25.5,25.75,25.1,25.17,857000
512302,2019-02-08,SSGC,25.2,25.9,24.9,24.97,1299000
512776,2019-02-11,SSGC,24.95,25.2,24.0,24.11,1252000
513237,2019-02-12,SSGC,24.3,24.61,23.93,24.52,978000
513720,2019-02-13,SSGC,24.61,25.3,24.4,24.59,2432000
514184,2019-02-14,SSGC,24.55,24.76,24.35,24.55,421000
514634,2019-02-15,SSGC,24.55,24.85,24.45,24.53,368500
515091,2019-02-18,SSGC,24.55,24.64,24.22,24.39,372000
515604,2019-02-19,SSGC,24.31,24.45,24.0,24.07,899000
516128,2019-02-20,SSGC,23.95,24.29,23.51,24.13,829000
516647,2019-02-21,SSGC,24.0,24.05,23.65,23.77,453500
517151,2019-02-22,SSGC,23.71,24.0,23.36,23.48,843500
517686,2019-02-25,SSGC,23.59,23.8,23.1,23.12,308000
518175,2019-02-26,SSGC,23.01,23.01,21.97,22.03,1624000
518676,2019-02-27,SSGC,21.31,21.95,20.93,21.34,2059000
519178,2019-02-28,SSGC,21.6,21.65,20.75,21.43,2842500
519672,2019-03-01,SSGC,21.55,22.17,21.4,21.65,2621000
520153,2019-03-04,SSGC,21.8,22.73,21.8,22.73,2319000
520644,2019-03-05,SSGC,22.9,23.28,22.6,22.78,2624500
521147,2019-03-06,SSGC,22.66,23.05,22.56,22.61,596000
521637,2019-03-07,SSGC,22.8,23.33,22.8,22.83,2172500
522119,2019-03-08,SSGC,22.85,22.95,22.5,22.6,699000
522600,2019-03-11,SSGC,22.79,22.85,22.4,22.45,369000
523078,2019-03-12,SSGC,22.6,22.69,22.1,22.38,506500
523553,2019-03-13,SSGC,22.68,22.93,22.2,22.44,746500
524021,2019-03-14,SSGC,22.4,22.45,22.03,22.16,283000
524499,2019-03-15,SSGC,22.0,22.01,21.06,21.36,1216000
524964,2019-03-18,SSGC,21.58,22.3,20.9,22.08,1171500
525432,2019-03-19,SSGC,22.15,22.47,21.6,21.76,1218000
525903,2019-03-20,SSGC,21.93,21.93,20.68,20.88,1554500
526385,2019-03-21,SSGC,20.9,20.94,20.0,20.42,3113000
526855,2019-03-22,SSGC,20.75,20.94,20.3,20.45,1051500
527317,2019-03-25,SSGC,20.7,20.7,20.02,20.33,716500
527856,2019-03-26,SSGC,20.33,20.99,20.21,20.88,1399500
528395,2019-03-27,SSGC,21.0,21.92,20.95,21.76,3161000
528935,2019-03-28,SSGC,21.95,21.95,21.2,21.36,742000
529457,2019-03-29,SSGC,21.2,22.0,21.01,21.85,2119000
529975,2019-04-01,SSGC,21.52,21.95,21.35,21.45,683500
530440,2019-04-02,SSGC,21.7,21.7,20.9,20.99,458500
530918,2019-04-03,SSGC,21.05,21.25,20.8,21.04,314500
531395,2019-04-04,SSGC,21.3,21.3,20.3,20.56,603500
531866,2019-04-05,SSGC,20.3,20.99,20.3,20.79,418000
532338,2019-04-08,SSGC,20.79,20.79,19.76,19.9,643500
532830,2019-04-09,SSGC,20.0,20.38,19.2,20.05,2442500
533322,2019-04-10,SSGC,20.0,20.15,19.05,19.09,1153500
533806,2019-04-11,SSGC,19.1,20.02,18.8,19.57,1344500
534290,2019-04-12,SSGC,19.26,20.57,19.25,20.57,1421000
534773,2019-04-15,SSGC,21.05,21.49,20.75,21.0,2118000
535258,2019-04-16,SSGC,21.01,21.29,20.56,20.64,938000
535752,2019-04-17,SSGC,20.6,20.8,19.75,19.98,742000
536220,2019-04-18,SSGC,20.0,20.5,19.65,20.23,1095500
536685,2019-04-19,SSGC,20.2,20.9,20.1,20.49,1141000
537144,2019-04-22,SSGC,20.88,20.88,20.0,20.12,871000
537656,2019-04-23,SSGC,20.0,20.0,19.41,19.77,414000
538192,2019-04-24,SSGC,19.78,20.0,19.5,19.68,311500
538731,2019-04-25,SSGC,19.9,20.18,19.71,20.09,434500
539261,2019-04-26,SSGC,20.01,20.5,20.01,20.18,2001000
539811,2019-04-29,SSGC,20.4,20.84,20.22,20.44,1591500
540282,2019-04-30,SSGC,20.2,20.4,19.8,19.95,459500
540757,2019-05-02,SSGC,20.0,20.0,19.73,19.8,150000
541215,2019-05-03,SSGC,19.61,19.81,19.6,19.74,262500
541686,2019-05-06,SSGC,19.55,19.7,19.25,19.41,179000
542128,2019-05-07,SSGC,19.4,19.68,19.0,19.17,519500
542581,2019-05-08,SSGC,19.05,19.25,18.3,18.73,1133000
543037,2019-05-09,SSGC,18.4,19.18,18.4,19.03,260000
543470,2019-05-10,SSGC,18.66,18.99,18.62,18.84,209000
543937,2019-05-13,SSGC,19.29,19.29,17.84,17.84,962000
544402,2019-05-14,SSGC,17.84,17.84,16.84,16.84,2208500
544866,2019-05-15,SSGC,17.05,17.47,16.85,17.12,826000
545332,2019-05-16,SSGC,17.25,17.25,16.12,16.13,1404000
545801,2019-05-17,SSGC,15.45,15.45,15.13,15.13,1062500
546283,2019-05-20,SSGC,15.2,16.13,14.26,16.13,1819000
546762,2019-05-21,SSGC,16.3,17.13,16.13,17.13,2397500
547248,2019-05-22,SSGC,17.7,18.13,17.7,18.13,1015000
547746,2019-05-23,SSGC,19.05,19.13,18.95,19.13,1567000
548217,2019-05-24,SSGC,19.83,19.83,18.6,19.35,2655000
548690,2019-05-27,SSGC,19.05,20.0,18.5,19.46,3341500
549222,2019-05-28,SSGC,19.1,19.11,18.46,18.47,2221500
549754,2019-05-29,SSGC,18.55,19.47,18.55,19.47,2371000
550284,2019-05-30,SSGC,19.89,20.47,19.61,20.47,6547000
550796,2019-06-03,SSGC,20.79,21.13,20.4,20.63,2382000
551255,2019-06-10,SSGC,20.0,20.2,19.6,19.6,2408000
551708,2019-06-11,SSGC,19.05,20.42,19.05,20.26,1871000
552174,2019-06-12,SSGC,19.81,21.23,19.66,20.24,2502000
552657,2019-06-13,SSGC,19.9,20.69,19.9,20.56,1798000
553140,2019-06-14,SSGC,20.7,20.85,19.92,20.63,2541500
553630,2019-06-17,SSGC,20.22,20.65,20.14,20.28,1117000
554100,2019-06-18,SSGC,20.22,20.25,19.4,19.6,648000
554563,2019-06-19,SSGC,19.69,20.4,19.5,20.23,1063000
555043,2019-06-20,SSGC,20.3,20.77,20.2,20.56,1453000
555508,2019-06-21,SSGC,20.51,20.77,20.25,20.38,693500
555979,2019-06-24,SSGC,20.4,20.4,19.37,19.48,1138000
556520,2019-06-25,SSGC,19.26,19.9,19.26,19.77,1189500
557076,2019-06-26,SSGC,19.9,19.93,19.51,19.77,1132500
557615,2019-06-27,SSGC,19.8,20.17,19.8,20.05,1845000
558159,2019-06-28,SSGC,20.0,20.97,19.66,20.68,5407500
558675,2019-07-02,SSGC,20.89,21.19,20.82,21.1,799500
559130,2019-07-03,SSGC,21.0,21.7,21.0,21.57,1782000
559602,2019-07-04,SSGC,22.1,22.15,20.5,20.64,2151500
560043,2019-07-05,SSGC,20.3,20.65,19.97,20.12,576500
560481,2019-07-08,SSGC,20.1,20.1,19.42,19.47,308000
560928,2019-07-09,SSGC,19.75,20.0,19.6,19.81,339500
561370,2019-07-10,SSGC,19.99,20.29,19.57,19.95,781500
561812,2019-07-11,SSGC,20.1,20.15,19.7,19.87,298000
562256,2019-07-12,SSGC,19.9,19.99,19.42,19.53,140000
562704,2019-07-15,SSGC,19.26,19.8,18.53,18.57,368000
563161,2019-07-16,SSGC,18.3,19.1,18.06,19.01,605500
563605,2019-07-17,SSGC,19.25,20.01,18.8,19.73,1778500
564059,2019-07-18,SSGC,19.9,19.94,18.73,18.75,680500
564506,2019-07-19,SSGC,18.57,19.59,18.3,19.34,922500
564955,2019-07-22,SSGC,19.7,19.7,19.05,19.18,731000
565476,2019-07-23,SSGC,19.35,19.5,19.08,19.29,331000
565991,2019-07-24,SSGC,19.15,19.44,18.85,19.2,1121000
566499,2019-07-25,SSGC,19.05,19.05,18.5,18.73,813000
567008,2019-07-26,SSGC,18.61,18.81,17.82,17.94,790000
567516,2019-07-29,SSGC,18.0,18.25,17.0,17.23,576500
567959,2019-07-30,SSGC,17.2,17.6,17.1,17.29,367500
568410,2019-07-31,SSGC,17.49,17.85,17.1,17.62,202000
568851,2019-08-02,SSGC,17.51,17.65,17.2,17.43,189000
569294,2019-08-05,SSGC,17.21,17.25,16.56,16.94,465000
569742,2019-08-06,SSGC,16.71,17.1,16.58,16.79,309000
570190,2019-08-07,SSGC,16.57,16.85,16.26,16.47,196000
570640,2019-08-08,SSGC,16.3,16.6,15.8,16.22,148000
571092,2019-08-09,SSGC,16.6,16.6,15.82,15.92,677000
571529,2019-08-16,SSGC,15.9,15.9,15.3,15.54,117500
571984,2019-08-19,SSGC,15.5,16.3,15.4,16.2,375500
572478,2019-08-20,SSGC,16.26,17.1,16.11,16.75,1216500
572959,2019-08-21,SSGC,16.66,17.4,16.42,17.11,608000
573451,2019-08-22,SSGC,17.1,18.11,17.1,18.1,2313000
573941,2019-08-23,SSGC,18.05,18.4,17.36,17.5,664500
574406,2019-08-26,SSGC,17.3,17.3,16.5,16.53,782000
574921,2019-08-27,SSGC,16.5,16.99,16.11,16.55,987500
575437,2019-08-28,SSGC,16.59,17.25,16.45,16.55,1882500
575963,2019-08-29,SSGC,16.25,16.7,15.76,16.05,525000
576468,2019-08-30,SSGC,15.9,16.0,15.06,15.18,746500
576972,2019-09-02,SSGC,15.3,15.9,15.3,15.88,260500
577419,2019-09-03,SSGC,16.0,16.3,15.4,15.54,656500
577864,2019-09-04,SSGC,15.5,16.45,15.4,16.24,753000
578317,2019-09-05,SSGC,16.0,16.55,15.5,15.56,1456000
578746,2019-09-06,SSGC,15.59,15.6,15.3,15.36,317000
579184,2019-09-11,SSGC,15.49,15.8,15.3,15.35,576000
579649,2019-09-12,SSGC,15.32,16.16,15.3,15.88,765500
580096,2019-09-13,SSGC,15.77,16.2,15.7,16.04,692000
580557,2019-09-16,SSGC,16.25,16.5,16.17,16.45,720500
581023,2019-09-17,SSGC,16.3,16.98,16.3,16.5,768000
581502,2019-09-18,SSGC,16.4,16.67,16.15,16.25,416000
581966,2019-09-19,SSGC,16.45,16.87,16.35,16.68,540500
582428,2019-09-20,SSGC,16.94,16.97,16.32,16.42,276500
582884,2019-09-23,SSGC,16.3,16.33,15.9,16.04,277500
583394,2019-09-24,SSGC,16.05,16.2,15.81,16.01,287500
583915,2019-09-25,SSGC,15.75,16.3,15.75,16.02,233500
584439,2019-09-26,SSGC,15.8,16.99,15.75,16.53,1418000
584947,2019-09-27,SSGC,16.26,17.4,16.1,16.74,1008000
585471,2019-09-30,SSGC,16.75,17.5,16.46,17.09,4596500
585947,2019-10-01,SSGC,17.11,17.57,17.0,17.33,499500
586428,2019-10-02,SSGC,17.48,17.5,17.12,17.49,253500
586907,2019-10-03,SSGC,17.45,18.1,17.4,17.82,2475500
587407,2019-10-04,SSGC,17.85,18.3,17.66,18.12,1155000
587927,2019-10-07,SSGC,18.3,18.84,18.0,18.3,1642000
588438,2019-10-08,SSGC,18.35,18.45,17.85,17.92,621000
588927,2019-10-09,SSGC,17.81,17.9,17.6,17.62,233500
589444,2019-10-10,SSGC,17.68,18.25,17.65,17.94,650000
589937,2019-10-14,SSGC,18.44,18.5,17.75,17.84,423500
590416,2019-10-15,SSGC,17.6,17.96,17.6,17.87,184000
590912,2019-10-16,SSGC,17.95,18.18,17.6,17.66,1430500
591393,2019-10-17,SSGC,17.84,17.85,17.2,17.28,308000
591869,2019-10-18,SSGC,17.27,17.47,16.85,16.93,745000
592333,2019-10-21,SSGC,17.2,17.2,16.11,16.33,346000
592846,2019-10-22,SSGC,16.33,16.6,16.33,16.51,348500
593350,2019-10-23,SSGC,16.6,16.89,16.5,16.61,584500
593867,2019-10-24,SSGC,16.8,17.11,16.8,16.97,632000
594381,2019-10-25,SSGC,17.2,17.26,16.8,17.02,841500
594908,2019-10-28,SSGC,17.0,17.4,17.0,17.26,188500
595373,2019-10-29,SSGC,17.16,17.49,17.1,17.16,604500
595842,2019-10-30,SSGC,17.01,17.2,16.95,17.0,236000
596314,2019-10-31,SSGC,17.11,17.59,17.0,17.44,512500
596787,2019-11-01,SSGC,17.4,17.96,17.2,17.44,771500
597267,2019-11-04,SSGC,17.7,18.17,17.26,18.02,1187500
597760,2019-11-05,SSGC,18.19,18.98,17.9,18.81,3411500
598257,2019-11-06,SSGC,18.9,19.38,18.75,18.95,3682000
598745,2019-11-07,SSGC,19.0,19.48,18.8,19.23,2249000
599236,2019-11-08,SSGC,19.4,19.6,19.1,19.16,1027000
599732,2019-11-11,SSGC,19.3,19.74,19.3,19.6,974500
600240,2019-11-12,SSGC,19.88,19.88,19.4,19.5,1467500
600740,2019-11-13,SSGC,19.5,19.61,19.13,19.26,1707500
601252,2019-11-14,SSGC,19.5,19.63,18.9,19.02,1429500
601775,2019-11-15,SSGC,19.1,20.02,19.05,20.02,5480500
602301,2019-11-18,SSGC,21.02,21.02,20.53,20.96,6114000
602818,2019-11-19,SSGC,20.7,21.95,20.25,21.32,8721500
603325,2019-11-20,SSGC,21.69,21.69,20.26,20.26,5504500
603828,2019-11-21,SSGC,20.01,20.05,19.25,19.27,4581000
604326,2019-11-22,SSGC,19.28,19.8,18.99,19.54,1989000
604825,2019-11-25,SSGC,19.65,20.23,19.35,20.14,2958500
605374,2019-11-26,SSGC,20.27,20.45,19.46,19.69,2651000
605913,2019-11-27,SSGC,19.89,20.24,19.58,19.87,1627000
606469,2019-11-28,SSGC,19.75,20.48,19.75,20.27,4217000
607043,2019-11-29,SSGC,20.45,20.69,20.07,20.24,2274000
607632,2019-12-02,SSGC,20.4,21.25,20.2,21.1,4968000
608151,2019-12-03,SSGC,21.41,21.48,20.7,20.88,4768000
608667,2019-12-04,SSGC,20.95,21.27,20.75,21.03,2365500
609193,2019-12-05,SSGC,21.33,22.08,21.12,21.95,10867000
609698,2019-12-06,SSGC,22.05,22.75,22.0,22.22,5805500
610199,2019-12-09,SSGC,22.5,22.95,21.91,22.1,6816000
610702,2019-12-10,SSGC,22.1,22.83,21.9,22.61,5734500
611201,2019-12-11,SSGC,22.95,23.35,22.7,22.92,7887000
611691,2019-12-12,SSGC,22.9,22.9,22.1,22.17,4401500
612201,2019-12-16,SSGC,23.9,24.39,23.7,24.36,16065000
612700,2019-12-17,SSGC,24.6,25.2,23.2,24.75,15629500
613192,2019-12-18,SSGC,24.75,24.75,23.66,23.89,5121000
613673,2019-12-19,SSGC,23.6,24.2,22.7,22.77,5768000
614137,2019-12-20,SSGC,23.16,23.3,22.1,22.44,2722000
614606,2019-12-23,SSGC,22.49,22.9,21.32,21.32,2586500
615122,2019-12-24,SSGC,21.0,21.85,20.65,21.71,2830000
615656,2019-12-26,SSGC,21.49,22.5,21.49,22.25,3190000
616193,2019-12-27,SSGC,22.5,22.56,21.4,21.58,2355000
616716,2020-01-01,SSGC,21.5,22.24,21.3,22.19,1262500
617209,2020-01-02,SSGC,22.3,23.19,22.3,22.82,3782000
617695,2020-01-03,SSGC,22.65,22.8,22.12,22.35,1654000
618172,2020-01-06,SSGC,22.01,22.01,21.24,21.24,2709000
618649,2020-01-07,SSGC,21.25,21.8,20.95,21.72,1788000
619122,2020-01-08,SSGC,20.77,21.49,20.65,20.82,2037500
619617,2020-01-09,SSGC,21.28,21.86,21.25,21.83,2687500
620107,2020-01-10,SSGC,21.99,22.14,21.74,22.02,4011000
620592,2020-01-13,SSGC,22.01,22.36,21.7,21.94,3248500
621076,2020-01-14,SSGC,21.8,22.07,21.6,21.67,1207000
621568,2020-01-15,SSGC,21.81,21.97,21.43,21.52,526500
622045,2020-01-16,SSGC,21.52,21.85,21.4,21.55,698000
622523,2020-01-17,SSGC,21.69,21.75,21.45,21.53,880000
622996,2020-01-20,SSGC,21.63,21.74,21.01,21.21,845500
623469,2020-01-21,SSGC,21.39,21.4,20.85,21.0,789500
623934,2020-01-22,SSGC,21.2,21.3,20.41,20.61,1282500
624417,2020-01-23,SSGC,20.75,21.0,20.5,20.62,946000
624889,2020-01-27,SSGC,20.61,21.05,20.61,20.86,965500
625415,2020-01-28,SSGC,20.86,20.9,20.51,20.82,231000
625942,2020-01-29,SSGC,21.0,21.27,20.75,20.79,1988000
626462,2020-01-30,SSGC,20.67,20.8,20.42,20.58,1999500
626977,2020-01-31,SSGC,20.7,20.8,20.0,20.07,1571000
627494,2020-02-03,SSGC,19.9,19.9,18.87,18.97,3720000
627970,2020-02-04,SSGC,19.34,19.35,19.0,19.19,984500
628437,2020-02-06,SSGC,19.25,19.7,19.16,19.21,1833500
628906,2020-02-07,SSGC,19.11,19.3,18.75,18.8,1310500
629384,2020-02-10,SSGC,18.51,18.6,17.76,17.83,1078500
629849,2020-02-11,SSGC,18.23,18.25,17.0,17.74,1653500
630322,2020-02-12,SSGC,17.9,18.35,17.75,18.3,1244000
630784,2020-02-13,SSGC,18.39,18.57,18.11,18.24,420000
631239,2020-02-14,SSGC,18.2,18.2,17.8,17.92,201000
631683,2020-02-17,SSGC,18.0,18.15,17.7,18.06,347500
632127,2020-02-18,SSGC,18.25,18.25,17.95,18.02,494500
632588,2020-02-19,SSGC,17.9,18.24,17.85,18.03,369500
633036,2020-02-20,SSGC,18.1,18.1,17.9,17.94,286000
633485,2020-02-21,SSGC,18.08,18.22,17.52,17.89,199500
633948,2020-02-24,SSGC,17.8,17.8,16.73,16.83,1352000
634460,2020-02-25,SSGC,16.63,17.28,16.63,16.75,650000
634979,2020-02-26,SSGC,16.56,16.75,16.32,16.54,846500
635506,2020-02-27,SSGC,16.0,16.4,15.47,16.05,2600500
636040,2020-03-02,SSGC,15.85,16.63,15.85,16.55,961500
636530,2020-03-03,SSGC,16.75,17.16,16.61,16.84,1497000
637006,2020-03-04,SSGC,16.9,16.98,16.45,16.53,283500
637496,2020-03-05,SSGC,16.8,17.15,16.75,16.84,1687000
637976,2020-03-06,SSGC,16.8,17.0,16.25,16.4,300500
638454,2020-03-09,SSGC,15.6,16.6,15.26,16.33,740000
638934,2020-03-10,SSGC,16.24,16.66,16.0,16.59,716500
639413,2020-03-11,SSGC,16.6,16.8,16.02,16.12,511000
639867,2020-03-12,SSGC,15.65,16.0,15.34,15.53,344000
640337,2020-03-13,SSGC,15.2,15.5,14.51,15.24,750000
640806,2020-03-16,SSGC,15.28,15.28,14.1,14.1,1223500
641277,2020-03-17,SSGC,13.74,14.4,13.41,13.53,594500
641762,2020-03-18,SSGC,13.15,13.15,12.52,12.52,1361000
642241,2020-03-19,SSGC,11.55,12.29,11.52,12.0,2028500
642710,2020-03-20,SSGC,12.3,12.59,11.7,12.02,1988500
643127,2020-03-24,SSGC,11.02,11.02,11.02,11.02,316000
643593,2020-03-25,SSGC,11.3,11.32,10.1,10.25,1048000
644099,2020-03-26,SSGC,10.5,11.2,10.5,10.56,775000
644592,2020-03-27,SSGC,10.51,11.25,10.38,10.9,1230000
645091,2020-04-01,SSGC,11.63,12.39,11.51,12.13,1451000
645585,2020-04-02,SSGC,12.0,13.13,11.85,13.09,2726000
646060,2020-04-03,SSGC,13.49,13.83,13.3,13.56,1764000
646532,2020-04-06,SSGC,13.79,13.8,12.8,12.89,877000
646992,2020-04-07,SSGC,12.81,13.18,12.63,13.0,325500
647457,2020-04-08,SSGC,13.0,13.1,12.7,13.06,472000
647934,2020-04-09,SSGC,13.2,13.49,13.2,13.29,1072000
648398,2020-04-10,SSGC,13.2,13.66,12.92,13.52,1172000
648865,2020-04-13,SSGC,13.48,13.48,12.8,12.87,624000
649328,2020-04-14,SSGC,12.8,13.15,12.7,13.05,321500
649804,2020-04-15,SSGC,13.19,13.28,12.51,12.79,1516500
650282,2020-04-16,SSGC,12.75,12.98,12.65,12.88,303000
650767,2020-04-17,SSGC,13.49,13.88,13.35,13.88,2602500
651274,2020-04-20,SSGC,14.2,14.28,13.6,13.81,2513000
651802,2020-04-21,SSGC,13.55,13.55,12.9,13.0,913000
652321,2020-04-22,SSGC,12.7,13.14,12.66,12.97,750000
652841,2020-04-23,SSGC,13.15,13.8,13.08,13.7,1154000
653359,2020-04-24,SSGC,13.66,13.9,13.4,13.48,715000
653873,2020-04-27,SSGC,13.49,13.49,13.1,13.23,227500
654333,2020-04-28,SSGC,13.12,13.3,13.12,13.25,121000
654807,2020-04-29,SSGC,13.49,13.5,13.32,13.39,221000
655299,2020-04-30,SSGC,13.5,13.78,13.49,13.7,955000
655793,2020-05-04,SSGC,13.5,14.19,13.4,13.87,1968000
656280,2020-05-05,SSGC,13.99,14.25,13.8,14.04,906500
656765,2020-05-06,SSGC,14.29,14.44,14.06,14.31,1024000
657240,2020-05-07,SSGC,14.01,14.25,13.77,13.85,639000
657712,2020-05-08,SSGC,13.66,14.3,13.6,14.2,661500
658180,2020-05-11,SSGC,14.2,14.48,14.0,14.13,2275500
658652,2020-05-12,SSGC,14.24,14.25,13.7,13.79,928500
659128,2020-05-13,SSGC,13.79,13.88,13.5,13.59,809500
659618,2020-05-14,SSGC,13.77,13.85,13.4,13.7,613500
660093,2020-05-15,SSGC,13.6,13.8,13.58,13.63,306500
660570,2020-05-18,SSGC,13.8,13.8,13.43,13.59,531500
661060,2020-05-19,SSGC,13.6,14.32,13.49,13.92,2001500
661543,2020-05-20,SSGC,14.05,14.14,13.7,13.86,1123000
662016,2020-05-21,SSGC,13.95,13.95,13.6,13.67,283000
662491,2020-05-28,SSGC,13.51,13.8,13.32,13.73,269000
663015,2020-05-29,SSGC,13.75,13.76,13.51,13.56,760000
663555,2020-06-01,SSGC,13.55,13.7,13.45,13.55,366000
664055,2020-06-02,SSGC,13.55,13.78,13.5,13.67,481500
664559,2020-06-03,SSGC,13.68,13.95,13.66,13.71,238500
665045,2020-06-04,SSGC,13.57,13.78,13.57,13.64,354000
665519,2020-06-05,SSGC,13.55,13.6,13.51,13.55,110000
666005,2020-06-08,SSGC,13.6,13.7,13.53,13.67,203000
666500,2020-06-09,SSGC,13.85,14.15,13.71,13.78,944500
667014,2020-06-10,SSGC,13.8,14.2,13.7,13.98,2054000
667527,2020-06-11,SSGC,14.1,14.14,13.81,13.91,684000
668017,2020-06-12,SSGC,13.7,13.8,13.55,13.73,260500
668514,2020-06-15,SSGC,13.8,13.8,13.26,13.28,943000
669028,2020-06-16,SSGC,13.41,13.5,13.33,13.43,294500
669552,2020-06-17,SSGC,13.69,13.9,13.31,13.39,792000
670062,2020-06-18,SSGC,13.39,13.5,13.04,13.1,693000
670538,2020-06-19,SSGC,13.1,13.21,12.8,12.87,725000
